bin,hour_dec,fair_per_day,ref_W1,ref_W3,ref_W4,ref_mean,ref_std,lift
0,0.0,13.0,7.666666666666667,13.666666666666666,15.0,12.111111111111109,3.189488909868294,0.8888888888888911
1,0.08333333333333333,13.333333333333334,17.666666666666668,10.666666666666666,9.666666666666666,12.666666666666666,3.5590260840104375,0.6666666666666679
2,0.16666666666666666,11.666666666666666,14.666666666666666,7.666666666666667,17.333333333333332,13.222222222222221,4.0764302950764755,-1.5555555555555554
3,0.25,18.333333333333332,6.0,20.666666666666668,20.333333333333332,15.666666666666666,6.8367200279622935,2.666666666666666
4,0.3333333333333333,19.0,7.333333333333333,9.666666666666666,24.0,13.666666666666666,7.368602058484113,5.333333333333334
5,0.4166666666666667,7.666666666666667,4.0,18.666666666666668,19.666666666666668,14.111111111111112,7.161281353032009,-6.4444444444444455
6,0.5,9.666666666666666,13.333333333333334,7.333333333333333,22.333333333333332,14.333333333333334,6.164414002968976,-4.666666666666668
7,0.5833333333333334,11.666666666666666,7.333333333333333,7.0,9.333333333333334,7.888888888888888,1.0304020550550785,3.7777777777777777
8,0.6666666666666666,12.0,6.333333333333333,8.666666666666666,7.333333333333333,7.444444444444444,0.9558139185602917,4.555555555555556
9,0.75,20.333333333333332,12.333333333333334,17.666666666666668,10.666666666666666,13.555555555555555,2.985561965009868,6.777777777777777
10,0.8333333333333334,21.0,7.666666666666667,11.0,13.666666666666666,10.777777777777779,2.4545246704860575,10.222222222222221
11,0.9166666666666666,11.0,9.666666666666666,11.666666666666666,11.0,10.777777777777777,0.8314794192830981,0.2222222222222232
12,1.0,10.333333333333334,8.0,14.333333333333334,8.0,10.111111111111112,2.9855619650098673,0.22222222222222143
13,1.0833333333333333,22.0,14.333333333333334,6.0,12.666666666666666,11.0,3.600411499115478,11.0
14,1.1666666666666667,17.333333333333332,11.333333333333334,7.333333333333333,13.333333333333334,10.666666666666666,2.4944382578492945,6.666666666666666
15,1.25,17.666666666666668,9.666666666666666,5.666666666666667,5.333333333333333,6.888888888888888,1.968893905185483,10.777777777777779
16,1.3333333333333333,18.0,7.333333333333333,5.0,8.666666666666666,7.0,1.515353521887317,11.0
17,1.4166666666666667,21.0,15.333333333333334,11.666666666666666,17.333333333333332,14.777777777777777,2.3465235646603193,6.222222222222223
18,1.5,17.666666666666668,15.333333333333334,17.333333333333332,20.666666666666668,17.777777777777775,2.1998877636914815,-0.11111111111110716
19,1.5833333333333333,7.0,19.666666666666668,16.333333333333332,19.666666666666668,18.555555555555557,1.5713484026367734,-11.555555555555557
20,1.6666666666666667,9.0,15.333333333333334,24.666666666666668,16.666666666666668,18.88888888888889,4.121608220220313,-9.88888888888889
21,1.75,6.333333333333333,7.333333333333333,21.666666666666668,19.666666666666668,16.222222222222225,6.338204754200739,-9.888888888888893
22,1.8333333333333333,4.333333333333333,9.0,12.666666666666666,12.666666666666666,11.444444444444443,1.7284832429004493,-7.11111111111111
23,1.9166666666666667,4.666666666666667,14.666666666666666,13.0,9.666666666666666,12.444444444444443,2.078698548207745,-7.777777777777776
24,2.0,6.333333333333333,17.333333333333332,11.666666666666666,12.333333333333334,13.777777777777779,2.5288459281646753,-7.4444444444444455
25,2.0833333333333335,13.0,6.333333333333333,14.666666666666666,10.0,10.333333333333334,3.4102242784939567,2.666666666666666
26,2.1666666666666665,19.333333333333332,18.666666666666668,6.0,4.333333333333333,9.666666666666666,6.400231477295408,9.666666666666666
27,2.25,7.333333333333333,14.666666666666666,14.333333333333334,9.333333333333334,12.777777777777779,2.4393887111222385,-5.4444444444444455
28,2.3333333333333335,8.0,7.333333333333333,16.666666666666668,9.333333333333334,11.111111111111112,4.012326685615065,-3.1111111111111125
29,2.4166666666666665,13.0,12.0,19.333333333333332,21.0,17.444444444444443,3.909469352390929,-4.444444444444443
30,2.5,12.333333333333334,5.666666666666667,19.333333333333332,21.666666666666668,15.555555555555557,7.057086448089074,-3.222222222222223
31,2.5833333333333335,5.666666666666667,1.6666666666666667,7.666666666666667,22.666666666666668,10.666666666666666,8.831760866327848,-4.999999999999999
32,2.6666666666666665,14.333333333333334,5.666666666666667,9.333333333333334,8.333333333333334,7.777777777777779,1.5475986974649023,6.555555555555555
33,2.75,7.666666666666667,8.666666666666666,11.0,7.0,8.888888888888888,1.640535895581489,-1.2222222222222205
34,2.8333333333333335,11.0,11.0,11.666666666666666,12.333333333333334,11.666666666666666,0.5443310539518176,-0.6666666666666661
35,2.9166666666666665,6.0,9.666666666666666,10.333333333333334,20.333333333333332,13.444444444444443,4.878777422244477,-7.444444444444443
36,3.0,14.666666666666666,8.666666666666666,6.666666666666667,17.666666666666668,11.0,4.784233364802442,3.666666666666666
37,3.0833333333333335,11.666666666666666,6.333333333333333,3.6666666666666665,8.333333333333334,6.111111111111112,1.911627837120584,5.5555555555555545
38,3.1666666666666665,13.333333333333334,15.333333333333334,6.0,7.333333333333333,9.555555555555555,4.121608220220313,3.7777777777777786
39,3.25,5.666666666666667,13.0,14.666666666666666,6.0,11.222222222222221,3.7548322774924,-5.5555555555555545
40,3.3333333333333335,6.666666666666667,7.333333333333333,9.666666666666666,9.0,8.666666666666666,0.9813067629253163,-1.9999999999999991
41,3.4166666666666665,8.333333333333334,11.0,9.666666666666666,22.333333333333332,14.333333333333334,5.682983045575298,-6.0
42,3.5,6.333333333333333,11.0,15.333333333333334,23.0,16.444444444444446,4.961580791503579,-10.111111111111114
43,3.5833333333333335,11.0,14.0,13.333333333333334,14.333333333333334,13.888888888888891,0.415739709641549,-2.888888888888891
44,3.6666666666666665,7.333333333333333,14.0,19.0,6.333333333333333,13.111111111111112,5.209203630991575,-5.7777777777777795
45,3.75,13.666666666666666,14.0,12.333333333333334,13.666666666666666,13.333333333333334,0.7200822998230952,0.33333333333333215
46,3.8333333333333335,5.666666666666667,13.0,18.666666666666668,8.666666666666666,13.444444444444445,4.094561282819619,-7.777777777777778
47,3.9166666666666665,4.333333333333333,5.0,14.666666666666666,14.333333333333334,11.333333333333334,4.480410034145767,-7.000000000000001
48,4.0,11.666666666666666,4.0,14.0,5.333333333333333,7.777777777777778,4.433319409613334,3.8888888888888884
49,4.083333333333333,19.0,14.666666666666666,5.0,3.6666666666666665,7.777777777777778,4.90149888891395,11.222222222222221
50,4.166666666666667,9.666666666666666,9.333333333333334,2.6666666666666665,9.333333333333334,7.111111111111112,3.1426968052735447,2.5555555555555545
51,4.25,4.0,8.333333333333334,3.0,10.666666666666666,7.333333333333333,3.208784239598589,-3.333333333333333
52,4.333333333333333,2.6666666666666665,9.666666666666666,3.3333333333333335,15.0,9.333333333333334,4.76872527419443,-6.666666666666668
53,4.416666666666667,6.666666666666667,11.666666666666666,10.666666666666666,12.333333333333334,11.555555555555555,0.6849348892187755,-4.888888888888888
54,4.5,10.333333333333334,8.333333333333334,15.333333333333334,10.333333333333334,11.333333333333334,2.943920288775949,-1.0
55,4.583333333333333,5.666666666666667,10.666666666666666,16.0,14.0,13.555555555555555,2.1998877636914815,-7.888888888888888
56,4.666666666666667,17.333333333333332,14.666666666666666,17.0,14.333333333333334,15.333333333333334,1.1863420280034789,1.9999999999999982
57,4.75,13.333333333333334,12.333333333333334,8.666666666666666,8.333333333333334,9.777777777777779,1.8121673811444547,3.5555555555555554
58,4.833333333333333,14.333333333333334,18.666666666666668,26.0,17.0,20.555555555555557,3.909469352390929,-6.222222222222223
59,4.916666666666667,7.333333333333333,16.666666666666668,21.0,24.333333333333332,20.666666666666668,3.138765975961229,-13.333333333333336
60,5.0,7.666666666666667,9.666666666666666,5.666666666666667,20.666666666666668,12.0,6.342099196813483,-4.333333333333333
61,5.083333333333333,5.666666666666667,9.0,13.666666666666666,15.666666666666666,12.777777777777777,2.793290019994785,-7.11111111111111
62,5.166666666666667,10.333333333333334,16.0,12.333333333333334,25.0,17.77777777777778,5.32174667325691,-7.444444444444445
63,5.25,12.0,15.0,16.333333333333332,24.666666666666668,18.666666666666668,4.27741701220448,-6.666666666666668
64,5.333333333333333,14.0,20.333333333333332,20.0,20.0,20.11111111111111,0.1571348402636767,-6.111111111111111
65,5.416666666666667,18.0,22.0,22.666666666666668,26.333333333333332,23.666666666666668,1.9051586888313599,-5.666666666666668
66,5.5,14.666666666666666,16.333333333333332,23.0,29.0,22.777777777777775,5.1735318785879185,-8.111111111111109
67,5.583333333333333,18.666666666666668,19.666666666666668,28.0,17.666666666666668,21.777777777777782,4.474895681244948,-3.1111111111111143
68,5.666666666666667,23.333333333333332,16.0,20.333333333333332,13.333333333333334,16.555555555555554,2.8846122190549255,6.777777777777779
69,5.75,26.666666666666668,16.0,8.0,16.666666666666668,13.555555555555557,3.937787810370967,13.11111111111111
70,5.833333333333333,21.666666666666668,19.333333333333332,31.0,12.333333333333334,20.88888888888889,7.699607172920184,0.7777777777777786
71,5.916666666666667,11.666666666666666,12.666666666666666,22.333333333333332,17.0,17.333333333333332,3.9534326388127097,-5.666666666666666
72,6.0,14.666666666666666,21.666666666666668,10.333333333333334,28.333333333333332,20.11111111111111,7.4303348876891055,-5.444444444444445
73,6.083333333333333,15.666666666666666,21.666666666666668,25.333333333333332,32.333333333333336,26.444444444444446,4.424957278164418,-10.77777777777778
74,6.166666666666667,17.0,13.333333333333334,31.666666666666668,33.0,26.0,8.973211159808875,-9.0
75,6.25,22.333333333333332,16.333333333333332,28.333333333333332,33.666666666666664,26.11111111111111,7.248669524577818,-3.7777777777777786
76,6.333333333333333,42.0,26.0,40.0,35.0,33.666666666666664,5.792715732327589,8.333333333333336
77,6.416666666666667,33.0,21.0,36.666666666666664,30.0,29.222222222222218,6.419491922513017,3.777777777777782
78,6.5,49.666666666666664,25.666666666666668,47.0,52.333333333333336,41.666666666666664,11.52131679716953,8.0
79,6.583333333333333,51.333333333333336,54.0,70.33333333333333,55.666666666666664,60.0,7.33838210042594,-8.666666666666664
80,6.666666666666667,62.333333333333336,58.0,59.666666666666664,41.333333333333336,53.0,8.277591347639632,9.333333333333336
81,6.75,56.666666666666664,73.0,50.0,48.666666666666664,57.22222222222222,11.169844766099727,-0.5555555555555571
82,6.833333333333333,60.666666666666664,94.0,71.66666666666667,68.33333333333333,78.0,11.395255672947924,-17.333333333333336
83,6.916666666666667,47.333333333333336,84.0,50.333333333333336,64.66666666666667,66.33333333333333,13.794792361478162,-18.999999999999993
84,7.0,52.666666666666664,63.0,43.0,52.666666666666664,52.888888888888886,8.166477700005759,-0.22222222222222143
85,7.083333333333333,52.666666666666664,81.0,49.666666666666664,49.0,59.888888888888886,14.930290695325178,-7.222222222222221
86,7.166666666666667,50.0,73.0,64.0,47.0,61.333333333333336,10.780641085864152,-11.333333333333336
87,7.25,54.0,85.66666666666667,61.0,71.33333333333333,72.66666666666667,10.11416315353358,-18.66666666666667
88,7.333333333333333,72.33333333333333,72.0,73.66666666666667,58.0,67.8888888888889,7.0255266486832175,4.444444444444429
89,7.416666666666667,79.0,71.66666666666667,69.66666666666667,57.666666666666664,66.33333333333333,6.1824123303304725,12.666666666666671
90,7.5,87.33333333333333,74.33333333333333,67.0,103.0,81.44444444444444,15.53331743760115,5.888888888888886
91,7.583333333333333,117.66666666666667,70.0,81.0,96.0,82.33333333333333,10.656244908763854,35.33333333333334
92,7.666666666666667,120.0,92.66666666666667,72.0,95.0,86.55555555555556,10.336319759606875,33.44444444444444
93,7.75,151.66666666666666,118.66666666666667,80.0,120.33333333333333,106.33333333333333,18.63290597800529,45.33333333333333
94,7.833333333333333,131.33333333333334,90.0,74.66666666666667,139.66666666666666,101.44444444444446,27.7426444483516,29.888888888888886
95,7.916666666666667,113.0,89.33333333333333,101.0,119.0,103.1111111111111,12.20301521128748,9.8888888888889
96,8.0,118.66666666666667,114.0,111.66666666666667,89.0,104.8888888888889,11.275451319975438,13.777777777777771
97,8.083333333333334,110.0,82.33333333333333,97.66666666666667,85.33333333333333,88.44444444444444,6.635110500814945,21.555555555555557
98,8.166666666666666,103.33333333333333,125.0,83.66666666666667,116.66666666666667,108.44444444444446,17.847778849944977,-5.1111111111111285
99,8.25,117.0,129.0,100.33333333333333,133.66666666666666,121.0,14.737204116968226,-4.0
100,8.333333333333334,159.66666666666666,107.0,102.0,126.66666666666667,111.8888888888889,10.64697255990444,47.77777777777776
101,8.416666666666666,200.0,88.33333333333333,90.33333333333333,130.0,102.88888888888887,19.187830505457697,97.11111111111113
102,8.5,182.0,121.0,120.66666666666667,145.0,128.88888888888889,11.393088656540966,53.111111111111114
103,8.583333333333334,150.0,150.66666666666666,127.0,148.33333333333334,142.0,10.649291404004654,8.0
104,8.666666666666666,142.33333333333334,129.33333333333334,144.0,155.66666666666666,143.0,10.773767868024349,-0.6666666666666572
105,8.75,171.0,148.66666666666666,143.66666666666666,165.33333333333334,152.55555555555554,9.262962222518379,18.444444444444457
106,8.833333333333334,161.0,157.0,128.33333333333334,172.0,152.44444444444446,18.115541380432788,8.555555555555543
107,8.916666666666666,183.0,178.66666666666666,123.66666666666667,153.33333333333334,151.88888888888889,22.476874260964525,31.111111111111114
108,9.0,168.66666666666666,163.0,163.0,153.66666666666666,159.88888888888889,4.399775527382967,8.777777777777771
109,9.083333333333334,141.66666666666666,176.0,148.33333333333334,155.0,159.7777777777778,11.789302537512029,-18.111111111111143
110,9.166666666666666,146.66666666666666,162.66666666666666,147.0,128.66666666666666,146.1111111111111,13.89466546538857,0.5555555555555713
111,9.25,164.66666666666666,148.66666666666666,125.0,145.0,139.55555555555554,10.400617265632496,25.111111111111114
112,9.333333333333334,150.66666666666666,134.0,116.33333333333333,147.33333333333334,132.55555555555554,12.696845141341608,18.111111111111114
113,9.416666666666666,165.33333333333334,146.33333333333334,103.0,107.66666666666667,119.0,19.421256014614126,46.33333333333334
114,9.5,145.0,148.66666666666666,104.33333333333333,108.66666666666667,120.55555555555556,19.956124713487007,24.444444444444443
115,9.583333333333334,146.0,164.0,132.66666666666666,130.33333333333334,142.33333333333334,15.350232233736063,3.666666666666657
116,9.666666666666666,153.0,152.0,150.66666666666666,127.66666666666667,143.44444444444443,11.169844766099722,9.555555555555571
117,9.75,163.0,146.66666666666666,154.33333333333334,155.66666666666666,152.2222222222222,3.9659040661277247,10.7777777777778
118,9.833333333333334,148.33333333333334,113.0,143.66666666666666,196.33333333333334,151.0,34.41360626694471,-2.666666666666657
119,9.916666666666666,123.33333333333333,113.33333333333333,124.66666666666667,154.66666666666666,130.88888888888889,17.43842783716751,-7.555555555555557
120,10.0,121.33333333333333,120.33333333333333,82.33333333333333,154.0,118.88888888888887,29.275616618528495,2.444444444444457
121,10.083333333333334,138.0,111.33333333333333,114.0,127.33333333333333,117.55555555555554,6.99911811023272,20.444444444444457
122,10.166666666666666,131.0,85.33333333333333,106.66666666666667,129.0,107.0,17.828400148410736,24.0
123,10.25,153.66666666666666,121.33333333333333,108.33333333333333,133.66666666666666,121.1111111111111,10.343483664655134,32.55555555555556
124,10.333333333333334,161.66666666666666,122.0,122.66666666666667,111.33333333333333,118.66666666666667,5.1925873091324135,42.999999999999986
125,10.416666666666666,156.33333333333334,105.66666666666667,122.33333333333333,102.66666666666667,110.22222222222223,8.650982959920764,46.111111111111114
126,10.5,137.33333333333334,135.66666666666666,108.0,89.33333333333333,111.0,19.03408249158063,26.333333333333343
127,10.583333333333334,148.66666666666666,132.0,133.66666666666666,111.33333333333333,125.66666666666664,10.158010887235019,23.000000000000014
128,10.666666666666666,127.33333333333333,118.66666666666667,123.0,128.66666666666666,123.44444444444446,4.094561282819612,3.8888888888888715
129,10.75,125.33333333333333,108.33333333333333,96.66666666666667,137.0,114.0,16.94653903265163,11.333333333333329
130,10.833333333333334,133.33333333333334,112.66666666666667,96.0,126.66666666666667,111.77777777777779,12.535382023262628,21.555555555555557
131,10.916666666666666,154.33333333333334,103.33333333333333,80.33333333333333,125.66666666666667,103.1111111111111,18.507922894710344,51.22222222222224
132,11.0,137.33333333333334,101.66666666666667,112.33333333333333,138.33333333333334,117.44444444444446,15.39921434584037,19.888888888888886
133,11.083333333333334,122.0,136.66666666666666,88.66666666666667,132.33333333333334,119.22222222222221,21.67834443134324,2.7777777777777857
134,11.166666666666666,159.33333333333334,125.0,102.66666666666667,141.66666666666666,123.11111111111113,15.977607787690989,36.222222222222214
135,11.25,151.66666666666666,113.0,93.33333333333333,138.66666666666666,115.0,18.561210049954138,36.66666666666666
136,11.333333333333334,163.33333333333334,89.66666666666667,109.66666666666667,131.66666666666666,110.33333333333333,17.152907107024802,53.000000000000014
137,11.416666666666666,128.0,102.33333333333333,95.33333333333333,113.33333333333333,103.66666666666667,7.408703590297622,24.33333333333333
138,11.5,123.66666666666667,162.0,86.66666666666667,142.0,130.22222222222223,31.862358301657615,-6.555555555555557
139,11.583333333333334,96.33333333333333,135.0,104.33333333333333,116.0,118.44444444444444,12.638369952716547,-22.111111111111114
140,11.666666666666666,107.0,121.66666666666667,116.33333333333333,109.33333333333333,115.77777777777777,5.050363634383786,-8.777777777777771
141,11.75,98.0,119.33333333333333,89.0,100.0,102.77777777777777,12.538336274929375,-4.7777777777777715
142,11.833333333333334,91.66666666666667,128.66666666666666,86.66666666666667,103.0,106.1111111111111,17.28697504402778,-14.444444444444429
143,11.916666666666666,110.0,101.66666666666667,91.33333333333333,121.66666666666667,104.8888888888889,12.59139427849606,5.1111111111111
144,12.0,128.33333333333334,110.0,110.33333333333333,134.0,118.1111111111111,11.235965182406314,10.222222222222243
145,12.083333333333334,134.0,117.0,98.0,109.66666666666667,108.22222222222223,7.823674107681753,25.77777777777777
146,12.166666666666666,127.33333333333333,112.0,135.66666666666666,82.33333333333333,110.0,21.819121753042076,17.33333333333333
147,12.25,94.66666666666667,104.33333333333333,157.0,121.66666666666667,127.66666666666667,21.915663263891794,-33.0
148,12.333333333333334,146.0,81.66666666666667,148.0,131.66666666666666,120.44444444444446,28.21915993884865,25.555555555555543
149,12.416666666666666,143.33333333333334,112.66666666666667,115.66666666666667,109.0,112.44444444444446,2.7261875880856237,30.888888888888886
150,12.5,145.0,95.66666666666667,102.0,93.66666666666667,97.11111111111113,3.552081636254616,47.88888888888887
151,12.583333333333334,136.33333333333334,133.66666666666666,108.0,106.66666666666667,116.1111111111111,12.425580941283789,20.222222222222243
152,12.666666666666666,116.33333333333333,115.66666666666667,121.66666666666667,124.33333333333333,120.55555555555556,3.6243347622889055,-4.2222222222222285
153,12.75,137.66666666666666,91.66666666666667,127.66666666666667,95.33333333333333,104.8888888888889,16.175732471441734,32.77777777777776
154,12.833333333333334,94.66666666666667,108.66666666666667,132.0,92.66666666666667,111.11111111111113,16.150526498316996,-16.444444444444457
155,12.916666666666666,113.66666666666667,102.0,136.0,72.0,103.33333333333333,26.144895401503437,10.333333333333343
156,13.0,103.33333333333333,122.66666666666667,129.66666666666666,101.66666666666667,118.0,11.897712198383159,-14.666666666666671
157,13.083333333333334,130.0,111.66666666666667,142.0,111.66666666666667,121.77777777777779,14.299270463994626,8.222222222222214
158,13.166666666666666,121.66666666666667,115.0,144.0,105.33333333333333,121.44444444444444,16.43017398824342,0.22222222222222854
159,13.25,139.0,86.0,133.33333333333334,145.66666666666666,121.66666666666667,25.71784219967545,17.33333333333333
160,13.333333333333334,116.33333333333333,92.0,135.0,141.33333333333334,122.77777777777779,21.916226583386134,-6.444444444444457
161,13.416666666666666,130.0,126.66666666666667,123.0,140.33333333333334,130.0,7.458527309705964,0.0
162,13.5,122.0,123.0,130.33333333333334,130.66666666666666,128.0,3.5381518506868126,-6.0
163,13.583333333333334,151.33333333333334,128.66666666666666,110.66666666666667,115.66666666666667,118.33333333333333,7.586537784494022,33.000000000000014
164,13.666666666666666,135.33333333333334,138.66666666666666,103.33333333333333,137.66666666666666,126.55555555555554,16.425664952622235,8.7777777777778
165,13.75,151.33333333333334,109.33333333333333,110.0,127.66666666666667,115.66666666666667,8.489645108841366,35.66666666666667
166,13.833333333333334,156.0,114.0,99.33333333333333,99.0,104.1111111111111,6.9938244363805415,51.8888888888889
167,13.916666666666666,117.33333333333333,107.33333333333333,110.66666666666667,83.0,100.33333333333333,12.331831740421782,17.0
168,14.0,96.33333333333333,99.33333333333333,97.33333333333333,92.33333333333333,96.33333333333333,2.943920288775949,0.0
169,14.083333333333334,107.0,82.0,101.66666666666667,120.33333333333333,101.33333333333333,15.651292693032193,5.666666666666671
170,14.166666666666666,133.66666666666666,110.66666666666667,120.66666666666667,126.33333333333333,119.22222222222223,6.476929618573184,14.444444444444429
171,14.25,124.0,109.0,108.33333333333333,118.66666666666667,112.0,4.721895413527954,12.0
172,14.333333333333334,107.0,148.66666666666666,122.0,110.0,126.88888888888887,16.15969685573141,-19.88888888888887
173,14.416666666666666,114.0,130.66666666666666,89.66666666666667,135.0,118.44444444444444,20.425716059497393,-4.444444444444443
174,14.5,130.0,144.66666666666666,87.66666666666667,119.33333333333333,117.22222222222221,23.317984369617545,12.777777777777786
175,14.583333333333334,121.33333333333333,127.0,67.66666666666667,125.66666666666667,106.77777777777779,27.66108823725371,14.555555555555543
176,14.666666666666666,154.0,125.0,76.33333333333333,137.0,112.77777777777777,26.23163672804461,41.22222222222223
177,14.75,168.66666666666666,110.66666666666667,85.66666666666667,122.66666666666667,106.33333333333333,15.412837362262524,62.33333333333333
178,14.833333333333334,150.33333333333334,127.0,97.33333333333333,111.0,111.77777777777777,12.123846515070525,38.55555555555557
179,14.916666666666666,105.33333333333333,109.33333333333333,112.0,114.0,111.77777777777777,1.9116278371205857,-6.444444444444443
180,15.0,106.0,118.66666666666667,123.33333333333333,133.66666666666666,125.22222222222221,6.267691011631308,-19.222222222222214
181,15.083333333333334,93.33333333333333,91.0,147.66666666666666,122.33333333333333,120.33333333333333,23.177255773390968,-27.0
182,15.166666666666666,123.0,106.66666666666667,121.66666666666667,106.0,111.44444444444446,7.233324799448799,11.555555555555543
183,15.25,132.33333333333334,114.0,97.33333333333333,118.0,109.77777777777777,8.949791362489899,22.55555555555557
184,15.333333333333334,139.33333333333334,113.66666666666667,123.0,133.0,123.22222222222223,7.89436429703627,16.111111111111114
185,15.416666666666666,160.66666666666666,120.66666666666667,126.0,97.0,114.55555555555556,12.603154611954878,46.1111111111111
186,15.5,143.33333333333334,121.33333333333333,97.66666666666667,109.33333333333333,109.44444444444444,9.662195645470959,33.8888888888889
187,15.583333333333334,161.0,118.0,114.33333333333333,106.66666666666667,113.0,4.721895413527948,48.0
188,15.666666666666666,115.66666666666667,116.66666666666667,128.33333333333334,143.66666666666666,129.55555555555554,11.056532620141216,-13.888888888888872
189,15.75,104.33333333333333,79.33333333333333,132.33333333333334,117.33333333333333,109.66666666666667,22.30595336576215,-5.333333333333343
190,15.833333333333334,113.33333333333333,99.33333333333333,107.33333333333333,82.66666666666667,96.44444444444444,10.27522490817501,16.888888888888886
191,15.916666666666666,137.66666666666666,85.66666666666667,94.66666666666667,92.66666666666667,91.0,3.858612300930075,46.66666666666666
192,16.0,134.0,107.66666666666667,90.33333333333333,112.33333333333333,103.44444444444444,9.464684195131936,30.555555555555557
193,16.083333333333332,132.0,103.66666666666667,69.33333333333333,120.66666666666667,97.8888888888889,21.351265611431018,34.1111111111111
194,16.166666666666668,100.0,131.33333333333334,90.66666666666667,121.0,114.33333333333333,17.258384972292507,-14.333333333333329
195,16.25,105.0,138.66666666666666,89.33333333333333,108.66666666666667,112.22222222222223,20.29656663783189,-7.2222222222222285
196,16.333333333333332,101.66666666666667,134.33333333333334,79.33333333333333,117.0,110.22222222222223,22.959438200207252,-8.555555555555557
197,16.416666666666668,141.0,120.66666666666667,91.0,97.66666666666667,103.11111111111113,12.708507891940194,37.88888888888887
198,16.5,128.33333333333334,108.66666666666667,89.33333333333333,90.0,96.0,8.960820068291538,32.33333333333334
199,16.583333333333332,134.33333333333334,115.33333333333333,95.33333333333333,122.0,110.88888888888887,11.331154474650635,23.44444444444447
200,16.666666666666668,137.33333333333334,114.66666666666667,80.0,93.66666666666667,96.11111111111113,14.257768079797204,41.222222222222214
201,16.75,144.66666666666666,132.66666666666666,83.0,103.66666666666667,106.44444444444444,20.3712457724359,38.222222222222214
202,16.833333333333332,144.0,136.33333333333334,103.66666666666667,101.66666666666667,113.8888888888889,15.891608158916558,30.1111111111111
203,16.916666666666668,180.33333333333334,134.33333333333334,106.0,119.0,119.77777777777779,11.580102133923468,60.55555555555556
204,17.0,156.33333333333334,129.66666666666666,148.66666666666666,114.0,130.77777777777777,14.174398761390675,25.55555555555557
205,17.083333333333332,150.66666666666666,113.33333333333333,123.33333333333333,101.0,112.55555555555554,9.134117295362046,38.111111111111114
206,17.166666666666668,126.0,114.0,117.0,107.33333333333333,112.77777777777777,4.039924213932856,13.222222222222229
207,17.25,119.0,91.0,152.0,107.66666666666667,116.8888888888889,25.742792350960904,2.1111111111111
208,17.333333333333332,116.33333333333333,107.66666666666667,155.0,133.0,131.88888888888889,19.33971797514185,-15.555555555555557
209,17.416666666666668,143.66666666666666,117.0,148.0,154.0,139.66666666666666,16.21384867602041,4.0
210,17.5,116.66666666666667,115.33333333333333,127.66666666666667,93.0,112.0,14.34753818088148,4.666666666666671
211,17.583333333333332,107.66666666666667,102.66666666666667,127.33333333333333,103.33333333333333,111.1111111111111,11.474071683044961,-3.4444444444444287
212,17.666666666666668,87.0,85.66666666666667,133.33333333333334,130.0,116.33333333333333,21.72726568333149,-29.33333333333333
213,17.75,96.66666666666667,97.0,98.0,128.33333333333334,107.77777777777779,14.540704892316336,-11.111111111111114
214,17.833333333333332,120.0,94.0,100.33333333333333,90.66666666666667,95.0,4.009248567259711,25.0
215,17.916666666666668,109.33333333333333,82.0,128.33333333333334,80.0,96.77777777777779,22.328081195582918,12.555555555555543
216,18.0,109.0,115.0,124.66666666666667,100.0,113.22222222222223,10.148283318915947,-4.2222222222222285
217,18.083333333333332,122.0,95.66666666666667,95.0,112.33333333333333,101.0,8.018497134519427,21.0
218,18.166666666666668,92.33333333333333,76.33333333333333,89.33333333333333,90.33333333333333,85.33333333333333,6.377042156569663,7.0
219,18.25,92.66666666666667,90.33333333333333,87.0,103.0,93.44444444444444,6.892472186342589,-0.7777777777777715
220,18.333333333333332,87.66666666666667,100.66666666666667,97.66666666666667,94.0,97.44444444444446,2.7261875880856237,-9.777777777777786
221,18.416666666666668,107.33333333333333,89.0,99.66666666666667,98.66666666666667,95.77777777777779,4.8099690715363055,11.555555555555543
222,18.5,103.33333333333333,73.33333333333333,99.0,69.0,80.44444444444444,13.239484529893298,22.888888888888886
223,18.583333333333332,96.0,63.666666666666664,91.0,85.0,79.88888888888889,11.729460640352578,16.111111111111114
224,18.666666666666668,67.0,74.66666666666667,95.33333333333333,95.66666666666667,88.55555555555556,9.821870280270916,-21.555555555555557
225,18.75,93.0,81.0,96.66666666666667,108.33333333333333,95.33333333333333,11.19854487901921,-2.3333333333333286
226,18.833333333333332,95.66666666666667,73.33333333333333,93.33333333333333,77.0,81.22222222222221,8.693690063119357,14.444444444444457
227,18.916666666666668,88.33333333333333,86.33333333333333,91.66666666666667,87.66666666666667,88.55555555555556,2.2662308949301297,-0.22222222222222854
228,19.0,99.0,85.66666666666667,74.66666666666667,95.66666666666667,85.33333333333333,8.576453553512405,13.666666666666671
229,19.083333333333332,82.33333333333333,83.0,91.33333333333333,83.33333333333333,85.88888888888887,3.8522079607466027,-3.555555555555543
230,19.166666666666668,76.66666666666667,80.33333333333333,103.66666666666667,77.66666666666667,87.22222222222223,11.678829638640812,-10.555555555555557
231,19.25,75.66666666666667,64.0,83.0,65.0,70.66666666666667,8.73053390247253,5.0
232,19.333333333333332,71.33333333333333,57.333333333333336,82.66666666666667,91.66666666666667,77.22222222222223,14.53560974356714,-5.8888888888889
233,19.416666666666668,78.0,48.0,74.66666666666667,82.0,68.22222222222223,14.609315479016534,9.777777777777771
234,19.5,77.33333333333333,60.333333333333336,47.666666666666664,61.666666666666664,56.55555555555555,6.308919807368174,20.77777777777778
235,19.583333333333332,69.33333333333333,67.66666666666667,60.333333333333336,52.666666666666664,60.22222222222222,6.124228346453634,9.111111111111107
236,19.666666666666668,63.666666666666664,54.666666666666664,68.33333333333333,69.0,64.0,6.605272865645266,-0.3333333333333357
237,19.75,52.0,63.333333333333336,65.33333333333333,72.66666666666667,67.1111111111111,4.012326685615067,-15.1111111111111
238,19.833333333333332,50.333333333333336,66.66666666666667,48.0,67.66666666666667,60.77777777777778,9.044471744430545,-10.444444444444443
239,19.916666666666668,38.666666666666664,53.0,37.333333333333336,59.0,49.77777777777778,9.134117295362048,-11.111111111111114
240,20.0,44.0,32.333333333333336,45.333333333333336,60.333333333333336,46.0,11.440668201153676,-2.0
241,20.083333333333332,48.666666666666664,26.333333333333332,54.333333333333336,39.333333333333336,40.0,11.440668201153677,8.666666666666664
242,20.166666666666668,29.333333333333332,44.0,48.666666666666664,49.0,47.22222222222222,2.2825153982415705,-17.88888888888889
243,20.25,40.333333333333336,36.0,33.0,54.666666666666664,41.22222222222222,9.585225256084309,-0.8888888888888857
244,20.333333333333332,58.666666666666664,24.666666666666668,47.333333333333336,43.0,38.333333333333336,9.824383874753599,20.33333333333333
245,20.416666666666668,53.333333333333336,32.666666666666664,49.0,55.666666666666664,45.77777777777777,9.662195645470963,7.555555555555564
246,20.5,57.333333333333336,47.333333333333336,39.333333333333336,49.0,45.22222222222223,4.219297232455005,12.111111111111107
247,20.583333333333332,40.666666666666664,40.333333333333336,30.333333333333332,53.666666666666664,41.44444444444445,9.558139185602919,-0.7777777777777857
248,20.666666666666668,40.333333333333336,41.666666666666664,43.333333333333336,30.666666666666668,38.55555555555556,5.619630496178574,1.7777777777777786
249,20.75,41.333333333333336,39.0,30.333333333333332,47.666666666666664,39.0,7.076303701373625,2.3333333333333357
250,20.833333333333332,34.666666666666664,37.333333333333336,31.0,36.0,34.77777777777778,2.7261875880856223,-0.11111111111111427
251,20.916666666666668,32.666666666666664,32.666666666666664,36.333333333333336,31.666666666666668,33.55555555555556,2.0061633428075334,-0.8888888888888928
252,21.0,40.0,17.333333333333332,33.666666666666664,34.333333333333336,28.444444444444446,7.861454645026102,11.555555555555554
253,21.083333333333332,29.333333333333332,26.0,48.333333333333336,42.0,38.77777777777778,9.397924646129113,-9.444444444444446
254,21.166666666666668,34.666666666666664,48.666666666666664,39.666666666666664,34.0,40.77777777777778,6.038968107422751,-6.111111111111114
255,21.25,36.666666666666664,44.666666666666664,24.333333333333332,19.0,29.333333333333332,11.0587655864611,7.333333333333332
256,21.333333333333332,28.666666666666668,32.333333333333336,18.333333333333332,33.666666666666664,28.111111111111114,6.935327348589882,0.5555555555555536
257,21.416666666666668,20.333333333333332,38.0,16.666666666666668,52.0,35.55555555555556,14.527963669938801,-15.222222222222225
258,21.5,24.333333333333332,35.666666666666664,18.333333333333332,43.0,32.333333333333336,10.34229002508453,-8.000000000000004
259,21.583333333333332,24.666666666666668,18.0,35.0,30.666666666666668,27.88888888888889,7.212814385385547,-3.2222222222222214
260,21.666666666666668,22.0,19.333333333333332,42.0,25.666666666666668,29.0,9.549093422162398,-7.0
261,21.75,23.0,25.333333333333332,37.0,41.666666666666664,34.666666666666664,6.869147340477214,-11.666666666666664
262,21.833333333333332,31.666666666666668,29.333333333333332,25.333333333333332,33.333333333333336,29.333333333333332,3.2659863237109055,2.3333333333333357
263,21.916666666666668,46.666666666666664,32.333333333333336,24.666666666666668,35.666666666666664,30.888888888888886,4.6054181724583785,15.777777777777779
264,22.0,28.333333333333332,44.333333333333336,23.666666666666668,28.666666666666668,32.22222222222222,8.803759017573471,-3.8888888888888893
265,22.083333333333332,29.0,34.0,44.666666666666664,23.666666666666668,34.11111111111111,8.573574099493522,-5.111111111111107
266,22.166666666666668,29.0,24.666666666666668,38.0,22.333333333333332,28.333333333333332,6.901422290342016,0.6666666666666679
267,22.25,27.0,19.333333333333332,42.666666666666664,21.0,27.666666666666668,10.628403594282771,-0.6666666666666679
268,22.333333333333332,21.333333333333332,16.666666666666668,43.0,21.333333333333332,27.0,11.47299566938076,-5.666666666666668
269,22.416666666666668,34.0,31.666666666666668,22.333333333333332,24.0,26.0,4.064298035149307,8.0
270,22.5,20.666666666666668,27.0,32.666666666666664,25.333333333333332,28.333333333333332,3.1387659759612294,-7.666666666666664
271,22.583333333333332,22.0,25.0,33.666666666666664,33.666666666666664,30.777777777777775,4.085505846855607,-8.777777777777775
272,22.666666666666668,35.0,18.666666666666668,24.333333333333332,26.333333333333332,23.11111111111111,3.247030932489434,11.88888888888889
273,22.75,26.333333333333332,17.333333333333332,18.666666666666668,13.666666666666666,16.555555555555554,2.1140330656044948,9.777777777777779
274,22.833333333333332,19.666666666666668,12.666666666666666,17.333333333333332,24.0,18.0,4.650766563656967,1.6666666666666679
275,22.916666666666668,17.333333333333332,15.666666666666666,30.666666666666668,16.666666666666668,21.0,6.847546194724712,-3.666666666666668
276,23.0,26.666666666666668,18.0,27.0,11.666666666666666,18.88888888888889,6.291283407507585,7.777777777777779
277,23.083333333333332,32.333333333333336,13.666666666666666,27.0,15.0,18.555555555555554,5.995883361436463,13.777777777777782
278,23.166666666666668,30.333333333333332,23.666666666666668,15.666666666666666,17.333333333333332,18.88888888888889,3.446236093171295,11.444444444444443
279,23.25,16.0,15.333333333333334,20.333333333333332,28.0,21.22222222222222,5.209203630991574,-5.222222222222221
280,23.333333333333332,17.666666666666668,12.666666666666666,25.0,14.666666666666666,17.444444444444443,5.404616225340138,0.22222222222222499
281,23.416666666666668,13.0,17.666666666666668,21.0,14.0,17.555555555555557,2.8588178511708016,-4.555555555555557
282,23.5,22.666666666666668,23.666666666666668,10.0,20.666666666666668,18.111111111111114,5.864730320176289,4.555555555555554
283,23.583333333333332,20.666666666666668,33.0,16.666666666666668,21.666666666666668,23.777777777777782,6.833107494009688,-3.1111111111111143
284,23.666666666666668,16.666666666666668,22.0,7.0,18.666666666666668,15.888888888888891,6.431020501550125,0.7777777777777768
285,23.75,18.0,15.333333333333334,9.333333333333334,12.0,12.222222222222223,2.454524670486058,5.777777777777777
286,23.833333333333332,14.0,18.666666666666668,10.0,11.0,13.222222222222223,3.8713891978187442,0.7777777777777768
287,23.916666666666668,11.0,15.666666666666666,18.666666666666668,14.0,16.11111111111111,1.9309052441091967,-5.111111111111111
