idx,weekday,wd_name,hour,minute,week1,week2,week3,week4,top100_mre,overall_mre
0,0,Mon,9,45,2018-09-03 09:45:00,2018-09-10 09:45:00,2018-09-17 09:45:00,2018-09-24 09:45:00,0.392506,1.211713
1,0,Mon,14,35,2018-09-03 14:35:00,2018-09-10 14:35:00,2018-09-17 14:35:00,2018-09-24 14:35:00,0.351995,1.124579
2,0,Mon,11,25,2018-09-03 11:25:00,2018-09-10 11:25:00,2018-09-17 11:25:00,2018-09-24 11:25:00,0.349722,1.115850
3,0,Mon,4,45,2018-09-03 04:45:00,2018-09-10 04:45:00,2018-09-17 04:45:00,2018-09-24 04:45:00,0.704786,0.175422
4,0,Mon,11,30,2018-09-03 11:30:00,2018-09-10 11:30:00,2018-09-17 11:30:00,2018-09-24 11:30:00,0.351369,1.100097
5,0,Mon,7,45,2018-09-03 07:45:00,2018-09-10 07:45:00,2018-09-17 07:45:00,2018-09-24 07:45:00,0.366978,0.880867
6,0,Mon,0,10,2018-09-03 00:10:00,2018-09-10 00:10:00,2018-09-17 00:10:00,2018-09-24 00:10:00,0.560312,0.217427
7,0,Mon,10,40,2018-09-03 10:40:00,2018-09-10 10:40:00,2018-09-17 10:40:00,2018-09-24 10:40:00,0.312949,1.028973
8,0,Mon,22,05,2018-09-03 22:05:00,2018-09-10 22:05:00,2018-09-17 22:05:00,2018-09-24 22:05:00,0.540004,0.507161
9,0,Mon,12,45,2018-09-03 12:45:00,2018-09-10 12:45:00,2018-09-17 12:45:00,2018-09-24 12:45:00,0.389658,1.155530
10,0,Mon,23,50,2018-09-03 23:50:00,2018-09-10 23:50:00,2018-09-17 23:50:00,2018-09-24 23:50:00,0.647494,0.283175
11,0,Mon,19,50,2018-09-03 19:50:00,2018-09-10 19:50:00,2018-09-17 19:50:00,2018-09-24 19:50:00,0.466935,0.946046
12,0,Mon,17,00,2018-09-03 17:00:00,2018-09-10 17:00:00,2018-09-17 17:00:00,2018-09-24 17:00:00,0.435265,1.122110
13,0,Mon,0,20,2018-09-03 00:20:00,2018-09-10 00:20:00,2018-09-17 00:20:00,2018-09-24 00:20:00,0.728294,0.249598
14,0,Mon,3,00,2018-09-03 03:00:00,2018-09-10 03:00:00,2018-09-17 03:00:00,2018-09-24 03:00:00,0.845242,0.144372
15,0,Mon,8,00,2018-09-03 08:00:00,2018-09-10 08:00:00,2018-09-17 08:00:00,2018-09-24 08:00:00,0.367667,0.930000
16,0,Mon,15,25,2018-09-03 15:25:00,2018-09-10 15:25:00,2018-09-17 15:25:00,2018-09-24 15:25:00,0.365523,1.021768
17,0,Mon,14,00,2018-09-03 14:00:00,2018-09-10 14:00:00,2018-09-17 14:00:00,2018-09-24 14:00:00,0.450699,0.995344
18,0,Mon,0,55,2018-09-03 00:55:00,2018-09-10 00:55:00,2018-09-17 00:55:00,2018-09-24 00:55:00,0.664309,0.145379
19,0,Mon,17,30,2018-09-03 17:30:00,2018-09-10 17:30:00,2018-09-17 17:30:00,2018-09-24 17:30:00,0.385534,1.084060
20,0,Mon,10,10,2018-09-03 10:10:00,2018-09-10 10:10:00,2018-09-17 10:10:00,2018-09-24 10:10:00,0.298987,1.072170
21,0,Mon,14,40,2018-09-03 14:40:00,2018-09-10 14:40:00,2018-09-17 14:40:00,2018-09-24 14:40:00,0.367416,1.107754
22,0,Mon,2,15,2018-09-03 02:15:00,2018-09-10 02:15:00,2018-09-17 02:15:00,2018-09-24 02:15:00,0.695641,0.152160
23,0,Mon,9,35,2018-09-03 09:35:00,2018-09-10 09:35:00,2018-09-17 09:35:00,2018-09-24 09:35:00,0.369201,1.272953
24,0,Mon,19,20,2018-09-03 19:20:00,2018-09-10 19:20:00,2018-09-17 19:20:00,2018-09-24 19:20:00,0.453199,0.991639
25,0,Mon,2,20,2018-09-03 02:20:00,2018-09-10 02:20:00,2018-09-17 02:20:00,2018-09-24 02:20:00,0.782846,0.136042
26,0,Mon,15,15,2018-09-03 15:15:00,2018-09-10 15:15:00,2018-09-17 15:15:00,2018-09-24 15:15:00,0.432658,0.987951
27,0,Mon,16,20,2018-09-03 16:20:00,2018-09-10 16:20:00,2018-09-17 16:20:00,2018-09-24 16:20:00,0.321368,1.077430
28,0,Mon,13,40,2018-09-03 13:40:00,2018-09-10 13:40:00,2018-09-17 13:40:00,2018-09-24 13:40:00,0.365734,1.133557
29,0,Mon,21,55,2018-09-03 21:55:00,2018-09-10 21:55:00,2018-09-17 21:55:00,2018-09-24 21:55:00,0.563778,0.588556
30,0,Mon,21,10,2018-09-03 21:10:00,2018-09-10 21:10:00,2018-09-17 21:10:00,2018-09-24 21:10:00,0.585893,0.662143
31,0,Mon,23,20,2018-09-03 23:20:00,2018-09-10 23:20:00,2018-09-17 23:20:00,2018-09-24 23:20:00,0.572171,0.390989
32,0,Mon,15,45,2018-09-03 15:45:00,2018-09-10 15:45:00,2018-09-17 15:45:00,2018-09-24 15:45:00,0.337917,1.037858
33,0,Mon,6,15,2018-09-03 06:15:00,2018-09-10 06:15:00,2018-09-17 06:15:00,2018-09-24 06:15:00,0.589648,0.359935
34,0,Mon,13,20,2018-09-03 13:20:00,2018-09-10 13:20:00,2018-09-17 13:20:00,2018-09-24 13:20:00,0.440157,1.087862
35,0,Mon,5,50,2018-09-03 05:50:00,2018-09-10 05:50:00,2018-09-17 05:50:00,2018-09-24 05:50:00,0.561029,0.205991
36,0,Mon,1,50,2018-09-03 01:50:00,2018-09-10 01:50:00,2018-09-17 01:50:00,2018-09-24 01:50:00,0.719426,0.214153
37,0,Mon,4,30,2018-09-03 04:30:00,2018-09-10 04:30:00,2018-09-17 04:30:00,2018-09-24 04:30:00,0.690121,0.186241
38,0,Mon,4,05,2018-09-03 04:05:00,2018-09-10 04:05:00,2018-09-17 04:05:00,2018-09-24 04:05:00,0.572183,0.123212
39,0,Mon,7,00,2018-09-03 07:00:00,2018-09-10 07:00:00,2018-09-17 07:00:00,2018-09-24 07:00:00,0.452595,0.519283
40,0,Mon,9,15,2018-09-03 09:15:00,2018-09-10 09:15:00,2018-09-17 09:15:00,2018-09-24 09:15:00,0.360134,1.274551
41,0,Mon,14,05,2018-09-03 14:05:00,2018-09-10 14:05:00,2018-09-17 14:05:00,2018-09-24 14:05:00,0.437837,1.026420
42,0,Mon,3,25,2018-09-03 03:25:00,2018-09-10 03:25:00,2018-09-17 03:25:00,2018-09-24 03:25:00,0.711263,0.183043
43,0,Mon,13,55,2018-09-03 13:55:00,2018-09-10 13:55:00,2018-09-17 13:55:00,2018-09-24 13:55:00,0.408448,1.161796
44,0,Mon,8,35,2018-09-03 08:35:00,2018-09-10 08:35:00,2018-09-17 08:35:00,2018-09-24 08:35:00,0.305231,1.166091
45,0,Mon,19,45,2018-09-03 19:45:00,2018-09-10 19:45:00,2018-09-17 19:45:00,2018-09-24 19:45:00,0.487723,0.857402
46,0,Mon,2,50,2018-09-03 02:50:00,2018-09-10 02:50:00,2018-09-17 02:50:00,2018-09-24 02:50:00,0.693593,0.144319
47,0,Mon,13,25,2018-09-03 13:25:00,2018-09-10 13:25:00,2018-09-17 13:25:00,2018-09-24 13:25:00,0.422222,1.003575
48,0,Mon,17,45,2018-09-03 17:45:00,2018-09-10 17:45:00,2018-09-17 17:45:00,2018-09-24 17:45:00,0.421014,1.144320
49,0,Mon,15,20,2018-09-03 15:20:00,2018-09-10 15:20:00,2018-09-17 15:20:00,2018-09-24 15:20:00,0.363360,1.036430
50,0,Mon,21,50,2018-09-03 21:50:00,2018-09-10 21:50:00,2018-09-17 21:50:00,2018-09-24 21:50:00,0.553270,0.595801
51,0,Mon,19,10,2018-09-03 19:10:00,2018-09-10 19:10:00,2018-09-17 19:10:00,2018-09-24 19:10:00,0.384090,0.952161
52,0,Mon,10,45,2018-09-03 10:45:00,2018-09-10 10:45:00,2018-09-17 10:45:00,2018-09-24 10:45:00,0.310256,0.922975
53,0,Mon,13,15,2018-09-03 13:15:00,2018-09-10 13:15:00,2018-09-17 13:15:00,2018-09-24 13:15:00,0.361527,1.109713
54,0,Mon,5,20,2018-09-03 05:20:00,2018-09-10 05:20:00,2018-09-17 05:20:00,2018-09-24 05:20:00,0.491460,0.245053
55,0,Mon,6,10,2018-09-03 06:10:00,2018-09-10 06:10:00,2018-09-17 06:10:00,2018-09-24 06:10:00,0.581846,0.347163
56,0,Mon,4,25,2018-09-03 04:25:00,2018-09-10 04:25:00,2018-09-17 04:25:00,2018-09-24 04:25:00,0.735620,0.168715
57,0,Mon,21,05,2018-09-03 21:05:00,2018-09-10 21:05:00,2018-09-17 21:05:00,2018-09-24 21:05:00,0.616396,0.631136
58,0,Mon,10,00,2018-09-03 10:00:00,2018-09-10 10:00:00,2018-09-17 10:00:00,2018-09-24 10:00:00,0.418566,1.145541
59,0,Mon,5,30,2018-09-03 05:30:00,2018-09-10 05:30:00,2018-09-17 05:30:00,2018-09-24 05:30:00,0.537468,0.245352
60,0,Mon,11,35,2018-09-03 11:35:00,2018-09-10 11:35:00,2018-09-17 11:35:00,2018-09-24 11:35:00,0.359961,1.040981
61,0,Mon,16,45,2018-09-03 16:45:00,2018-09-10 16:45:00,2018-09-17 16:45:00,2018-09-24 16:45:00,0.433911,1.146194
62,0,Mon,15,50,2018-09-03 15:50:00,2018-09-10 15:50:00,2018-09-17 15:50:00,2018-09-24 15:50:00,0.370817,1.102810
63,0,Mon,17,25,2018-09-03 17:25:00,2018-09-10 17:25:00,2018-09-17 17:25:00,2018-09-24 17:25:00,0.456555,1.068529
64,0,Mon,18,25,2018-09-03 18:25:00,2018-09-10 18:25:00,2018-09-17 18:25:00,2018-09-24 18:25:00,0.452450,1.118103
65,0,Mon,3,15,2018-09-03 03:15:00,2018-09-10 03:15:00,2018-09-17 03:15:00,2018-09-24 03:15:00,0.749641,0.122695
66,0,Mon,17,15,2018-09-03 17:15:00,2018-09-10 17:15:00,2018-09-17 17:15:00,2018-09-24 17:15:00,0.365940,1.156854
67,0,Mon,21,15,2018-09-03 21:15:00,2018-09-10 21:15:00,2018-09-17 21:15:00,2018-09-24 21:15:00,0.491722,0.576476
68,0,Mon,11,15,2018-09-03 11:15:00,2018-09-10 11:15:00,2018-09-17 11:15:00,2018-09-24 11:15:00,0.336640,1.167767
69,0,Mon,18,20,2018-09-03 18:20:00,2018-09-10 18:20:00,2018-09-17 18:20:00,2018-09-24 18:20:00,0.383135,1.132663
70,0,Mon,18,55,2018-09-03 18:55:00,2018-09-10 18:55:00,2018-09-17 18:55:00,2018-09-24 18:55:00,0.413495,1.012494
71,0,Mon,13,30,2018-09-03 13:30:00,2018-09-10 13:30:00,2018-09-17 13:30:00,2018-09-24 13:30:00,0.377741,1.049777
72,0,Mon,21,20,2018-09-03 21:20:00,2018-09-10 21:20:00,2018-09-17 21:20:00,2018-09-24 21:20:00,0.601637,0.586370
73,0,Mon,6,50,2018-09-03 06:50:00,2018-09-10 06:50:00,2018-09-17 06:50:00,2018-09-24 06:50:00,0.549299,0.549991
74,0,Mon,22,55,2018-09-03 22:55:00,2018-09-10 22:55:00,2018-09-17 22:55:00,2018-09-24 22:55:00,0.709471,0.342454
75,0,Mon,2,40,2018-09-03 02:40:00,2018-09-10 02:40:00,2018-09-17 02:40:00,2018-09-24 02:40:00,0.693468,0.119508
76,0,Mon,7,05,2018-09-03 07:05:00,2018-09-10 07:05:00,2018-09-17 07:05:00,2018-09-24 07:05:00,0.526097,0.551927
77,0,Mon,20,30,2018-09-03 20:30:00,2018-09-10 20:30:00,2018-09-17 20:30:00,2018-09-24 20:30:00,0.532803,0.747962
78,0,Mon,20,25,2018-09-03 20:25:00,2018-09-10 20:25:00,2018-09-17 20:25:00,2018-09-24 20:25:00,0.514908,0.844583
79,0,Mon,0,45,2018-09-03 00:45:00,2018-09-10 00:45:00,2018-09-17 00:45:00,2018-09-24 00:45:00,0.799217,0.155855
80,0,Mon,18,00,2018-09-03 18:00:00,2018-09-10 18:00:00,2018-09-17 18:00:00,2018-09-24 18:00:00,0.362476,1.126128
81,0,Mon,11,05,2018-09-03 11:05:00,2018-09-10 11:05:00,2018-09-17 11:05:00,2018-09-24 11:05:00,0.351021,1.136826
82,0,Mon,11,00,2018-09-03 11:00:00,2018-09-10 11:00:00,2018-09-17 11:00:00,2018-09-24 11:00:00,0.393450,1.131953
83,0,Mon,1,00,2018-09-03 01:00:00,2018-09-10 01:00:00,2018-09-17 01:00:00,2018-09-24 01:00:00,0.726530,0.168353
84,0,Mon,20,35,2018-09-03 20:35:00,2018-09-10 20:35:00,2018-09-17 20:35:00,2018-09-24 20:35:00,0.507547,0.743465
85,0,Mon,16,25,2018-09-03 16:25:00,2018-09-10 16:25:00,2018-09-17 16:25:00,2018-09-24 16:25:00,0.399768,1.024157
86,0,Mon,22,35,2018-09-03 22:35:00,2018-09-10 22:35:00,2018-09-17 22:35:00,2018-09-24 22:35:00,0.616282,0.435091
87,0,Mon,0,00,2018-09-03 00:00:00,2018-09-10 00:00:00,2018-09-17 00:00:00,2018-09-24 00:00:00,0.762612,0.197200
88,0,Mon,9,00,2018-09-03 09:00:00,2018-09-10 09:00:00,2018-09-17 09:00:00,2018-09-24 09:00:00,0.388717,1.187083
89,0,Mon,9,20,2018-09-03 09:20:00,2018-09-10 09:20:00,2018-09-17 09:20:00,2018-09-24 09:20:00,0.363160,1.307364
90,0,Mon,22,25,2018-09-03 22:25:00,2018-09-10 22:25:00,2018-09-17 22:25:00,2018-09-24 22:25:00,0.709353,0.464679
91,0,Mon,13,50,2018-09-03 13:50:00,2018-09-10 13:50:00,2018-09-17 13:50:00,2018-09-24 13:50:00,0.432685,1.082418
92,0,Mon,1,10,2018-09-03 01:10:00,2018-09-10 01:10:00,2018-09-17 01:10:00,2018-09-24 01:10:00,0.700304,0.173422
93,0,Mon,12,50,2018-09-03 12:50:00,2018-09-10 12:50:00,2018-09-17 12:50:00,2018-09-24 12:50:00,0.424400,1.174337
94,0,Mon,4,40,2018-09-03 04:40:00,2018-09-10 04:40:00,2018-09-17 04:40:00,2018-09-24 04:40:00,0.675725,0.162226
95,0,Mon,20,50,2018-09-03 20:50:00,2018-09-10 20:50:00,2018-09-17 20:50:00,2018-09-24 20:50:00,0.551970,0.683405
96,0,Mon,0,40,2018-09-03 00:40:00,2018-09-10 00:40:00,2018-09-17 00:40:00,2018-09-24 00:40:00,0.667114,0.189313
97,0,Mon,20,20,2018-09-03 20:20:00,2018-09-10 20:20:00,2018-09-17 20:20:00,2018-09-24 20:20:00,0.571996,0.883781
98,0,Mon,0,35,2018-09-03 00:35:00,2018-09-10 00:35:00,2018-09-17 00:35:00,2018-09-24 00:35:00,0.703389,0.229313
99,0,Mon,8,40,2018-09-03 08:40:00,2018-09-10 08:40:00,2018-09-17 08:40:00,2018-09-24 08:40:00,0.353578,1.241691
100,0,Mon,6,45,2018-09-03 06:45:00,2018-09-10 06:45:00,2018-09-17 06:45:00,2018-09-24 06:45:00,0.536290,0.620345
101,0,Mon,5,05,2018-09-03 05:05:00,2018-09-10 05:05:00,2018-09-17 05:05:00,2018-09-24 05:05:00,0.631670,0.232193
102,0,Mon,1,05,2018-09-03 01:05:00,2018-09-10 01:05:00,2018-09-17 01:05:00,2018-09-24 01:05:00,0.767354,0.169264
103,0,Mon,8,45,2018-09-03 08:45:00,2018-09-10 08:45:00,2018-09-17 08:45:00,2018-09-24 08:45:00,0.358608,1.189862
104,0,Mon,4,15,2018-09-03 04:15:00,2018-09-10 04:15:00,2018-09-17 04:15:00,2018-09-24 04:15:00,0.738626,0.177753
105,0,Mon,20,00,2018-09-03 20:00:00,2018-09-10 20:00:00,2018-09-17 20:00:00,2018-09-24 20:00:00,0.628367,0.864292
106,0,Mon,4,10,2018-09-03 04:10:00,2018-09-10 04:10:00,2018-09-17 04:10:00,2018-09-24 04:10:00,0.590509,0.125056
107,0,Mon,12,05,2018-09-03 12:05:00,2018-09-10 12:05:00,2018-09-17 12:05:00,2018-09-24 12:05:00,0.434754,1.106740
108,0,Mon,12,35,2018-09-03 12:35:00,2018-09-10 12:35:00,2018-09-17 12:35:00,2018-09-24 12:35:00,0.389758,1.063497
109,0,Mon,16,00,2018-09-03 16:00:00,2018-09-10 16:00:00,2018-09-17 16:00:00,2018-09-24 16:00:00,0.433401,1.133728
110,0,Mon,8,15,2018-09-03 08:15:00,2018-09-10 08:15:00,2018-09-17 08:15:00,2018-09-24 08:15:00,0.400613,1.071539
111,0,Mon,4,50,2018-09-03 04:50:00,2018-09-10 04:50:00,2018-09-17 04:50:00,2018-09-24 04:50:00,0.697065,0.182190
112,0,Mon,0,30,2018-09-03 00:30:00,2018-09-10 00:30:00,2018-09-17 00:30:00,2018-09-24 00:30:00,0.695269,0.210079
113,0,Mon,7,50,2018-09-03 07:50:00,2018-09-10 07:50:00,2018-09-17 07:50:00,2018-09-24 07:50:00,0.353748,0.848826
114,0,Mon,7,10,2018-09-03 07:10:00,2018-09-10 07:10:00,2018-09-17 07:10:00,2018-09-24 07:10:00,0.473792,0.573802
115,0,Mon,6,55,2018-09-03 06:55:00,2018-09-10 06:55:00,2018-09-17 06:55:00,2018-09-24 06:55:00,0.418326,0.515178
116,0,Mon,15,55,2018-09-03 15:55:00,2018-09-10 15:55:00,2018-09-17 15:55:00,2018-09-24 15:55:00,0.368228,1.169330
117,0,Mon,5,25,2018-09-03 05:25:00,2018-09-10 05:25:00,2018-09-17 05:25:00,2018-09-24 05:25:00,0.514573,0.191996
118,0,Mon,19,25,2018-09-03 19:25:00,2018-09-10 19:25:00,2018-09-17 19:25:00,2018-09-24 19:25:00,0.486002,0.918372
119,0,Mon,15,00,2018-09-03 15:00:00,2018-09-10 15:00:00,2018-09-17 15:00:00,2018-09-24 15:00:00,0.360970,1.025326
120,1,Tue,4,10,2018-09-04 04:10:00,2018-09-11 04:10:00,2018-09-18 04:10:00,2018-09-25 04:10:00,0.604022,0.149952
121,1,Tue,22,55,2018-09-04 22:55:00,2018-09-11 22:55:00,2018-09-18 22:55:00,2018-09-25 22:55:00,0.600382,0.366899
122,1,Tue,3,55,2018-09-04 03:55:00,2018-09-11 03:55:00,2018-09-18 03:55:00,2018-09-25 03:55:00,0.574510,0.185478
123,1,Tue,17,25,2018-09-04 17:25:00,2018-09-11 17:25:00,2018-09-18 17:25:00,2018-09-25 17:25:00,0.356158,1.001695
124,1,Tue,6,00,2018-09-04 06:00:00,2018-09-11 06:00:00,2018-09-18 06:00:00,2018-09-25 06:00:00,0.574109,0.264316
125,1,Tue,11,40,2018-09-04 11:40:00,2018-09-11 11:40:00,2018-09-18 11:40:00,2018-09-25 11:40:00,0.360911,0.981146
126,1,Tue,9,00,2018-09-04 09:00:00,2018-09-11 09:00:00,2018-09-18 09:00:00,2018-09-25 09:00:00,0.286498,0.923618
127,1,Tue,11,45,2018-09-04 11:45:00,2018-09-11 11:45:00,2018-09-18 11:45:00,2018-09-25 11:45:00,0.402791,0.948778
128,1,Tue,22,15,2018-09-04 22:15:00,2018-09-11 22:15:00,2018-09-18 22:15:00,2018-09-25 22:15:00,0.547880,0.513612
129,1,Tue,22,35,2018-09-04 22:35:00,2018-09-11 22:35:00,2018-09-18 22:35:00,2018-09-25 22:35:00,0.639398,0.463153
130,1,Tue,7,05,2018-09-04 07:05:00,2018-09-11 07:05:00,2018-09-18 07:05:00,2018-09-25 07:05:00,0.378015,0.469865
131,1,Tue,10,25,2018-09-04 10:25:00,2018-09-11 10:25:00,2018-09-18 10:25:00,2018-09-25 10:25:00,0.284773,0.972668
132,1,Tue,16,45,2018-09-04 16:45:00,2018-09-11 16:45:00,2018-09-18 16:45:00,2018-09-25 16:45:00,0.388375,1.048611
133,1,Tue,15,50,2018-09-04 15:50:00,2018-09-11 15:50:00,2018-09-18 15:50:00,2018-09-25 15:50:00,0.385546,0.928409
134,1,Tue,10,00,2018-09-04 10:00:00,2018-09-11 10:00:00,2018-09-18 10:00:00,2018-09-25 10:00:00,0.341270,0.988209
135,1,Tue,5,45,2018-09-04 05:45:00,2018-09-11 05:45:00,2018-09-18 05:45:00,2018-09-25 05:45:00,0.575866,0.330390
136,1,Tue,4,55,2018-09-04 04:55:00,2018-09-11 04:55:00,2018-09-18 04:55:00,2018-09-25 04:55:00,0.615446,0.186101
137,1,Tue,0,30,2018-09-04 00:30:00,2018-09-11 00:30:00,2018-09-18 00:30:00,2018-09-25 00:30:00,0.680135,0.219129
138,1,Tue,12,15,2018-09-04 12:15:00,2018-09-11 12:15:00,2018-09-18 12:15:00,2018-09-25 12:15:00,0.376534,0.916943
139,1,Tue,18,40,2018-09-04 18:40:00,2018-09-11 18:40:00,2018-09-18 18:40:00,2018-09-25 18:40:00,0.468560,1.055779
140,1,Tue,7,20,2018-09-04 07:20:00,2018-09-11 07:20:00,2018-09-18 07:20:00,2018-09-25 07:20:00,0.445926,0.598038
141,1,Tue,23,30,2018-09-04 23:30:00,2018-09-11 23:30:00,2018-09-18 23:30:00,2018-09-25 23:30:00,0.626084,0.328222
142,1,Tue,16,55,2018-09-04 16:55:00,2018-09-11 16:55:00,2018-09-18 16:55:00,2018-09-25 16:55:00,0.348434,1.060926
143,1,Tue,15,35,2018-09-04 15:35:00,2018-09-11 15:35:00,2018-09-18 15:35:00,2018-09-25 15:35:00,0.370358,0.958907
144,1,Tue,18,15,2018-09-04 18:15:00,2018-09-11 18:15:00,2018-09-18 18:15:00,2018-09-25 18:15:00,0.355945,1.046157
145,1,Tue,1,40,2018-09-04 01:40:00,2018-09-11 01:40:00,2018-09-18 01:40:00,2018-09-25 01:40:00,0.772427,0.258620
146,1,Tue,20,50,2018-09-04 20:50:00,2018-09-11 20:50:00,2018-09-18 20:50:00,2018-09-25 20:50:00,0.557666,0.795213
147,1,Tue,1,45,2018-09-04 01:45:00,2018-09-11 01:45:00,2018-09-18 01:45:00,2018-09-25 01:45:00,0.690507,0.206195
148,1,Tue,20,55,2018-09-04 20:55:00,2018-09-11 20:55:00,2018-09-18 20:55:00,2018-09-25 20:55:00,0.619027,0.756123
149,1,Tue,8,45,2018-09-04 08:45:00,2018-09-11 08:45:00,2018-09-18 08:45:00,2018-09-25 08:45:00,0.341143,0.918640
150,1,Tue,17,55,2018-09-04 17:55:00,2018-09-11 17:55:00,2018-09-18 17:55:00,2018-09-25 17:55:00,0.299476,1.076767
151,1,Tue,5,00,2018-09-04 05:00:00,2018-09-11 05:00:00,2018-09-18 05:00:00,2018-09-25 05:00:00,0.658226,0.277979
152,1,Tue,16,20,2018-09-04 16:20:00,2018-09-11 16:20:00,2018-09-18 16:20:00,2018-09-25 16:20:00,0.380437,1.145427
153,1,Tue,14,25,2018-09-04 14:25:00,2018-09-11 14:25:00,2018-09-18 14:25:00,2018-09-25 14:25:00,0.427393,1.037832
154,1,Tue,19,20,2018-09-04 19:20:00,2018-09-11 19:20:00,2018-09-18 19:20:00,2018-09-25 19:20:00,0.479330,0.936494
155,1,Tue,12,20,2018-09-04 12:20:00,2018-09-11 12:20:00,2018-09-18 12:20:00,2018-09-25 12:20:00,0.304782,0.962088
156,1,Tue,4,20,2018-09-04 04:20:00,2018-09-11 04:20:00,2018-09-18 04:20:00,2018-09-25 04:20:00,0.762732,0.206765
157,1,Tue,23,35,2018-09-04 23:35:00,2018-09-11 23:35:00,2018-09-18 23:35:00,2018-09-25 23:35:00,0.602177,0.368307
158,1,Tue,12,00,2018-09-04 12:00:00,2018-09-11 12:00:00,2018-09-18 12:00:00,2018-09-25 12:00:00,0.277657,0.884732
159,1,Tue,18,25,2018-09-04 18:25:00,2018-09-11 18:25:00,2018-09-18 18:25:00,2018-09-25 18:25:00,0.420365,0.982873
160,1,Tue,7,25,2018-09-04 07:25:00,2018-09-11 07:25:00,2018-09-18 07:25:00,2018-09-25 07:25:00,0.364007,0.608436
161,1,Tue,1,50,2018-09-04 01:50:00,2018-09-11 01:50:00,2018-09-18 01:50:00,2018-09-25 01:50:00,0.689646,0.185782
162,1,Tue,1,25,2018-09-04 01:25:00,2018-09-11 01:25:00,2018-09-18 01:25:00,2018-09-25 01:25:00,0.682990,0.231075
163,1,Tue,4,35,2018-09-04 04:35:00,2018-09-11 04:35:00,2018-09-18 04:35:00,2018-09-25 04:35:00,0.641422,0.205457
164,1,Tue,21,25,2018-09-04 21:25:00,2018-09-11 21:25:00,2018-09-18 21:25:00,2018-09-25 21:25:00,0.614422,0.686566
165,1,Tue,2,40,2018-09-04 02:40:00,2018-09-11 02:40:00,2018-09-18 02:40:00,2018-09-25 02:40:00,0.703292,0.159347
166,1,Tue,22,10,2018-09-04 22:10:00,2018-09-11 22:10:00,2018-09-18 22:10:00,2018-09-25 22:10:00,0.641614,0.507279
167,1,Tue,12,10,2018-09-04 12:10:00,2018-09-11 12:10:00,2018-09-18 12:10:00,2018-09-25 12:10:00,0.246489,1.008362
168,1,Tue,23,05,2018-09-04 23:05:00,2018-09-11 23:05:00,2018-09-18 23:05:00,2018-09-25 23:05:00,0.622642,0.367316
169,1,Tue,15,15,2018-09-04 15:15:00,2018-09-11 15:15:00,2018-09-18 15:15:00,2018-09-25 15:15:00,0.333907,1.022410
170,1,Tue,5,10,2018-09-04 05:10:00,2018-09-11 05:10:00,2018-09-18 05:10:00,2018-09-25 05:10:00,0.661645,0.201570
171,1,Tue,13,30,2018-09-04 13:30:00,2018-09-11 13:30:00,2018-09-18 13:30:00,2018-09-25 13:30:00,0.327685,0.986391
172,1,Tue,15,40,2018-09-04 15:40:00,2018-09-11 15:40:00,2018-09-18 15:40:00,2018-09-25 15:40:00,0.371691,0.995363
173,1,Tue,23,50,2018-09-04 23:50:00,2018-09-11 23:50:00,2018-09-18 23:50:00,2018-09-25 23:50:00,0.585456,0.315797
174,1,Tue,1,00,2018-09-04 01:00:00,2018-09-11 01:00:00,2018-09-18 01:00:00,2018-09-25 01:00:00,0.635178,0.150435
175,1,Tue,6,20,2018-09-04 06:20:00,2018-09-11 06:20:00,2018-09-18 06:20:00,2018-09-25 06:20:00,0.523006,0.366820
176,1,Tue,0,15,2018-09-04 00:15:00,2018-09-11 00:15:00,2018-09-18 00:15:00,2018-09-25 00:15:00,0.571334,0.243514
177,1,Tue,19,05,2018-09-04 19:05:00,2018-09-11 19:05:00,2018-09-18 19:05:00,2018-09-25 19:05:00,0.413004,0.968408
178,1,Tue,19,40,2018-09-04 19:40:00,2018-09-11 19:40:00,2018-09-18 19:40:00,2018-09-25 19:40:00,0.446171,0.895032
179,1,Tue,6,50,2018-09-04 06:50:00,2018-09-11 06:50:00,2018-09-18 06:50:00,2018-09-25 06:50:00,0.537535,0.470750
180,1,Tue,22,50,2018-09-04 22:50:00,2018-09-11 22:50:00,2018-09-18 22:50:00,2018-09-25 22:50:00,0.640189,0.370980
181,1,Tue,13,20,2018-09-04 13:20:00,2018-09-11 13:20:00,2018-09-18 13:20:00,2018-09-25 13:20:00,0.359094,0.957563
182,1,Tue,5,55,2018-09-04 05:55:00,2018-09-11 05:55:00,2018-09-18 05:55:00,2018-09-25 05:55:00,0.570159,0.339716
183,1,Tue,8,10,2018-09-04 08:10:00,2018-09-11 08:10:00,2018-09-18 08:10:00,2018-09-25 08:10:00,0.361170,0.774166
184,1,Tue,7,55,2018-09-04 07:55:00,2018-09-11 07:55:00,2018-09-18 07:55:00,2018-09-25 07:55:00,0.358969,0.775298
185,1,Tue,6,30,2018-09-04 06:30:00,2018-09-11 06:30:00,2018-09-18 06:30:00,2018-09-25 06:30:00,0.483068,0.527702
186,1,Tue,10,30,2018-09-04 10:30:00,2018-09-11 10:30:00,2018-09-18 10:30:00,2018-09-25 10:30:00,0.330075,0.904050
187,1,Tue,9,50,2018-09-04 09:50:00,2018-09-11 09:50:00,2018-09-18 09:50:00,2018-09-25 09:50:00,0.309977,0.936025
188,1,Tue,21,10,2018-09-04 21:10:00,2018-09-11 21:10:00,2018-09-18 21:10:00,2018-09-25 21:10:00,0.488660,0.698136
189,1,Tue,9,40,2018-09-04 09:40:00,2018-09-11 09:40:00,2018-09-18 09:40:00,2018-09-25 09:40:00,0.296005,0.968473
190,1,Tue,16,10,2018-09-04 16:10:00,2018-09-11 16:10:00,2018-09-18 16:10:00,2018-09-25 16:10:00,0.344479,1.175679
191,1,Tue,6,15,2018-09-04 06:15:00,2018-09-11 06:15:00,2018-09-18 06:15:00,2018-09-25 06:15:00,0.505870,0.319492
192,1,Tue,12,50,2018-09-04 12:50:00,2018-09-11 12:50:00,2018-09-18 12:50:00,2018-09-25 12:50:00,0.316266,0.954490
193,1,Tue,2,20,2018-09-04 02:20:00,2018-09-11 02:20:00,2018-09-18 02:20:00,2018-09-25 02:20:00,0.722095,0.182536
194,1,Tue,18,00,2018-09-04 18:00:00,2018-09-11 18:00:00,2018-09-18 18:00:00,2018-09-25 18:00:00,0.362598,1.018660
195,1,Tue,16,35,2018-09-04 16:35:00,2018-09-11 16:35:00,2018-09-18 16:35:00,2018-09-25 16:35:00,0.335960,1.011318
196,1,Tue,7,00,2018-09-04 07:00:00,2018-09-11 07:00:00,2018-09-18 07:00:00,2018-09-25 07:00:00,0.454047,0.450561
197,1,Tue,12,35,2018-09-04 12:35:00,2018-09-11 12:35:00,2018-09-18 12:35:00,2018-09-25 12:35:00,0.289440,0.939375
198,1,Tue,8,00,2018-09-04 08:00:00,2018-09-11 08:00:00,2018-09-18 08:00:00,2018-09-25 08:00:00,0.367063,0.740854
199,1,Tue,0,45,2018-09-04 00:45:00,2018-09-11 00:45:00,2018-09-18 00:45:00,2018-09-25 00:45:00,0.695736,0.196627
200,1,Tue,7,50,2018-09-04 07:50:00,2018-09-11 07:50:00,2018-09-18 07:50:00,2018-09-25 07:50:00,0.284149,0.737253
201,1,Tue,8,05,2018-09-04 08:05:00,2018-09-11 08:05:00,2018-09-18 08:05:00,2018-09-25 08:05:00,0.339794,0.787585
202,1,Tue,23,25,2018-09-04 23:25:00,2018-09-11 23:25:00,2018-09-18 23:25:00,2018-09-25 23:25:00,0.573635,0.371749
203,1,Tue,11,30,2018-09-04 11:30:00,2018-09-11 11:30:00,2018-09-18 11:30:00,2018-09-25 11:30:00,0.316416,0.947648
204,1,Tue,13,35,2018-09-04 13:35:00,2018-09-11 13:35:00,2018-09-18 13:35:00,2018-09-25 13:35:00,0.314463,0.947611
205,1,Tue,13,45,2018-09-04 13:45:00,2018-09-11 13:45:00,2018-09-18 13:45:00,2018-09-25 13:45:00,0.322707,0.964073
206,1,Tue,13,25,2018-09-04 13:25:00,2018-09-11 13:25:00,2018-09-18 13:25:00,2018-09-25 13:25:00,0.382796,0.951593
207,1,Tue,6,05,2018-09-04 06:05:00,2018-09-11 06:05:00,2018-09-18 06:05:00,2018-09-25 06:05:00,0.509568,0.300410
208,1,Tue,18,05,2018-09-04 18:05:00,2018-09-11 18:05:00,2018-09-18 18:05:00,2018-09-25 18:05:00,0.411000,1.025252
209,1,Tue,5,40,2018-09-04 05:40:00,2018-09-11 05:40:00,2018-09-18 05:40:00,2018-09-25 05:40:00,0.540891,0.229735
210,1,Tue,1,35,2018-09-04 01:35:00,2018-09-11 01:35:00,2018-09-18 01:35:00,2018-09-25 01:35:00,0.707089,0.233513
211,1,Tue,13,05,2018-09-04 13:05:00,2018-09-11 13:05:00,2018-09-18 13:05:00,2018-09-25 13:05:00,0.375452,0.964849
212,1,Tue,23,45,2018-09-04 23:45:00,2018-09-11 23:45:00,2018-09-18 23:45:00,2018-09-25 23:45:00,0.540562,0.361318
213,1,Tue,10,35,2018-09-04 10:35:00,2018-09-11 10:35:00,2018-09-18 10:35:00,2018-09-25 10:35:00,0.306718,0.879210
214,1,Tue,12,05,2018-09-04 12:05:00,2018-09-11 12:05:00,2018-09-18 12:05:00,2018-09-25 12:05:00,0.262755,0.967506
215,1,Tue,14,35,2018-09-04 14:35:00,2018-09-11 14:35:00,2018-09-18 14:35:00,2018-09-25 14:35:00,0.389105,1.028267
216,1,Tue,8,15,2018-09-04 08:15:00,2018-09-11 08:15:00,2018-09-18 08:15:00,2018-09-25 08:15:00,0.405961,0.769920
217,1,Tue,1,55,2018-09-04 01:55:00,2018-09-11 01:55:00,2018-09-18 01:55:00,2018-09-25 01:55:00,0.630421,0.212357
218,1,Tue,0,25,2018-09-04 00:25:00,2018-09-11 00:25:00,2018-09-18 00:25:00,2018-09-25 00:25:00,0.693938,0.280765
219,1,Tue,2,50,2018-09-04 02:50:00,2018-09-11 02:50:00,2018-09-18 02:50:00,2018-09-25 02:50:00,0.702065,0.136145
220,1,Tue,17,50,2018-09-04 17:50:00,2018-09-11 17:50:00,2018-09-18 17:50:00,2018-09-25 17:50:00,0.382030,1.061005
221,1,Tue,15,05,2018-09-04 15:05:00,2018-09-11 15:05:00,2018-09-18 15:05:00,2018-09-25 15:05:00,0.365380,0.941061
222,1,Tue,1,05,2018-09-04 01:05:00,2018-09-11 01:05:00,2018-09-18 01:05:00,2018-09-25 01:05:00,0.718264,0.172103
223,1,Tue,2,25,2018-09-04 02:25:00,2018-09-11 02:25:00,2018-09-18 02:25:00,2018-09-25 02:25:00,0.644494,0.137022
224,1,Tue,12,40,2018-09-04 12:40:00,2018-09-11 12:40:00,2018-09-18 12:40:00,2018-09-25 12:40:00,0.364311,0.991807
225,1,Tue,16,25,2018-09-04 16:25:00,2018-09-11 16:25:00,2018-09-18 16:25:00,2018-09-25 16:25:00,0.280200,1.115960
226,1,Tue,0,40,2018-09-04 00:40:00,2018-09-11 00:40:00,2018-09-18 00:40:00,2018-09-25 00:40:00,0.688097,0.205555
227,1,Tue,22,05,2018-09-04 22:05:00,2018-09-11 22:05:00,2018-09-18 22:05:00,2018-09-25 22:05:00,0.586239,0.513933
228,1,Tue,3,05,2018-09-04 03:05:00,2018-09-11 03:05:00,2018-09-18 03:05:00,2018-09-25 03:05:00,0.669714,0.172656
229,1,Tue,21,30,2018-09-04 21:30:00,2018-09-11 21:30:00,2018-09-18 21:30:00,2018-09-25 21:30:00,0.616992,0.601872
230,1,Tue,13,15,2018-09-04 13:15:00,2018-09-11 13:15:00,2018-09-18 13:15:00,2018-09-25 13:15:00,0.385371,0.939022
231,1,Tue,3,30,2018-09-04 03:30:00,2018-09-11 03:30:00,2018-09-18 03:30:00,2018-09-25 03:30:00,0.634468,0.158960
232,1,Tue,20,15,2018-09-04 20:15:00,2018-09-11 20:15:00,2018-09-18 20:15:00,2018-09-25 20:15:00,0.508273,0.792665
233,1,Tue,11,25,2018-09-04 11:25:00,2018-09-11 11:25:00,2018-09-18 11:25:00,2018-09-25 11:25:00,0.374352,0.953920
234,1,Tue,20,05,2018-09-04 20:05:00,2018-09-11 20:05:00,2018-09-18 20:05:00,2018-09-25 20:05:00,0.556888,0.838823
235,1,Tue,13,40,2018-09-04 13:40:00,2018-09-11 13:40:00,2018-09-18 13:40:00,2018-09-25 13:40:00,0.296849,1.024185
236,1,Tue,4,50,2018-09-04 04:50:00,2018-09-11 04:50:00,2018-09-18 04:50:00,2018-09-25 04:50:00,0.598745,0.210881
237,1,Tue,13,55,2018-09-04 13:55:00,2018-09-11 13:55:00,2018-09-18 13:55:00,2018-09-25 13:55:00,0.282008,0.927307
238,1,Tue,22,20,2018-09-04 22:20:00,2018-09-11 22:20:00,2018-09-18 22:20:00,2018-09-25 22:20:00,0.531926,0.483043
239,1,Tue,0,10,2018-09-04 00:10:00,2018-09-11 00:10:00,2018-09-18 00:10:00,2018-09-25 00:10:00,0.607247,0.277422
240,2,Wed,20,35,2018-09-05 20:35:00,2018-09-12 20:35:00,2018-09-19 20:35:00,2018-09-26 20:35:00,0.434540,0.801019
241,2,Wed,15,55,2018-09-05 15:55:00,2018-09-12 15:55:00,2018-09-19 15:55:00,2018-09-26 15:55:00,0.316947,1.031517
242,2,Wed,17,20,2018-09-05 17:20:00,2018-09-12 17:20:00,2018-09-19 17:20:00,2018-09-26 17:20:00,0.303042,1.013508
243,2,Wed,7,05,2018-09-05 07:05:00,2018-09-12 07:05:00,2018-09-19 07:05:00,2018-09-26 07:05:00,0.357537,0.535585
244,2,Wed,20,00,2018-09-05 20:00:00,2018-09-12 20:00:00,2018-09-19 20:00:00,2018-09-26 20:00:00,0.570760,0.837369
245,2,Wed,8,10,2018-09-05 08:10:00,2018-09-12 08:10:00,2018-09-19 08:10:00,2018-09-26 08:10:00,0.277505,0.804953
246,2,Wed,13,15,2018-09-05 13:15:00,2018-09-12 13:15:00,2018-09-19 13:15:00,2018-09-26 13:15:00,0.404597,0.957722
247,2,Wed,12,45,2018-09-05 12:45:00,2018-09-12 12:45:00,2018-09-19 12:45:00,2018-09-26 12:45:00,0.392236,0.986425
248,2,Wed,8,45,2018-09-05 08:45:00,2018-09-12 08:45:00,2018-09-19 08:45:00,2018-09-26 08:45:00,0.360171,1.201254
249,2,Wed,7,10,2018-09-05 07:10:00,2018-09-12 07:10:00,2018-09-19 07:10:00,2018-09-26 07:10:00,0.396833,0.560334
250,2,Wed,8,35,2018-09-05 08:35:00,2018-09-12 08:35:00,2018-09-19 08:35:00,2018-09-26 08:35:00,0.366392,1.062521
251,2,Wed,15,50,2018-09-05 15:50:00,2018-09-12 15:50:00,2018-09-19 15:50:00,2018-09-26 15:50:00,0.302044,0.900902
252,2,Wed,2,00,2018-09-05 02:00:00,2018-09-12 02:00:00,2018-09-19 02:00:00,2018-09-26 02:00:00,0.681279,0.139365
253,2,Wed,17,40,2018-09-05 17:40:00,2018-09-12 17:40:00,2018-09-19 17:40:00,2018-09-26 17:40:00,0.419821,1.097900
254,2,Wed,16,45,2018-09-05 16:45:00,2018-09-12 16:45:00,2018-09-19 16:45:00,2018-09-26 16:45:00,0.367686,0.985000
255,2,Wed,9,10,2018-09-05 09:10:00,2018-09-12 09:10:00,2018-09-19 09:10:00,2018-09-26 09:10:00,0.365165,0.960576
256,2,Wed,19,15,2018-09-05 19:15:00,2018-09-12 19:15:00,2018-09-19 19:15:00,2018-09-26 19:15:00,0.404718,0.922708
257,2,Wed,2,35,2018-09-05 02:35:00,2018-09-12 02:35:00,2018-09-19 02:35:00,2018-09-26 02:35:00,0.669411,0.142767
258,2,Wed,16,25,2018-09-05 16:25:00,2018-09-12 16:25:00,2018-09-19 16:25:00,2018-09-26 16:25:00,0.301566,1.018791
259,2,Wed,3,45,2018-09-05 03:45:00,2018-09-12 03:45:00,2018-09-19 03:45:00,2018-09-26 03:45:00,0.590760,0.199996
260,2,Wed,13,00,2018-09-05 13:00:00,2018-09-12 13:00:00,2018-09-19 13:00:00,2018-09-26 13:00:00,0.391887,1.001406
261,2,Wed,20,30,2018-09-05 20:30:00,2018-09-12 20:30:00,2018-09-19 20:30:00,2018-09-26 20:30:00,0.555624,0.768703
262,2,Wed,8,55,2018-09-05 08:55:00,2018-09-12 08:55:00,2018-09-19 08:55:00,2018-09-26 08:55:00,0.261180,1.058976
263,2,Wed,5,45,2018-09-05 05:45:00,2018-09-12 05:45:00,2018-09-19 05:45:00,2018-09-26 05:45:00,0.443429,0.259410
264,2,Wed,17,10,2018-09-05 17:10:00,2018-09-12 17:10:00,2018-09-19 17:10:00,2018-09-26 17:10:00,0.440648,1.030349
265,2,Wed,8,50,2018-09-05 08:50:00,2018-09-12 08:50:00,2018-09-19 08:50:00,2018-09-26 08:50:00,0.382965,1.188102
266,2,Wed,20,10,2018-09-05 20:10:00,2018-09-12 20:10:00,2018-09-19 20:10:00,2018-09-26 20:10:00,0.551004,0.830970
267,2,Wed,5,05,2018-09-05 05:05:00,2018-09-12 05:05:00,2018-09-19 05:05:00,2018-09-26 05:05:00,0.615470,0.214306
268,2,Wed,13,05,2018-09-05 13:05:00,2018-09-12 13:05:00,2018-09-19 13:05:00,2018-09-26 13:05:00,0.290280,1.023357
269,2,Wed,6,15,2018-09-05 06:15:00,2018-09-12 06:15:00,2018-09-19 06:15:00,2018-09-26 06:15:00,0.490418,0.353819
270,2,Wed,6,45,2018-09-05 06:45:00,2018-09-12 06:45:00,2018-09-19 06:45:00,2018-09-26 06:45:00,0.441977,0.514033
271,2,Wed,5,30,2018-09-05 05:30:00,2018-09-12 05:30:00,2018-09-19 05:30:00,2018-09-26 05:30:00,0.609724,0.260500
272,2,Wed,23,45,2018-09-05 23:45:00,2018-09-12 23:45:00,2018-09-19 23:45:00,2018-09-26 23:45:00,0.702294,0.362776
273,2,Wed,9,20,2018-09-05 09:20:00,2018-09-12 09:20:00,2018-09-19 09:20:00,2018-09-26 09:20:00,0.257953,0.978818
274,2,Wed,6,50,2018-09-05 06:50:00,2018-09-12 06:50:00,2018-09-19 06:50:00,2018-09-26 06:50:00,0.374202,0.456849
275,2,Wed,20,05,2018-09-05 20:05:00,2018-09-12 20:05:00,2018-09-19 20:05:00,2018-09-26 20:05:00,0.460528,0.832319
276,2,Wed,1,05,2018-09-05 01:05:00,2018-09-12 01:05:00,2018-09-19 01:05:00,2018-09-26 01:05:00,0.710586,0.220830
277,2,Wed,12,15,2018-09-05 12:15:00,2018-09-12 12:15:00,2018-09-19 12:15:00,2018-09-26 12:15:00,0.375912,1.011738
278,2,Wed,18,40,2018-09-05 18:40:00,2018-09-12 18:40:00,2018-09-19 18:40:00,2018-09-26 18:40:00,0.435470,1.007944
279,2,Wed,5,55,2018-09-05 05:55:00,2018-09-12 05:55:00,2018-09-19 05:55:00,2018-09-26 05:55:00,0.551371,0.254777
280,2,Wed,5,50,2018-09-05 05:50:00,2018-09-12 05:50:00,2018-09-19 05:50:00,2018-09-26 05:50:00,0.503304,0.258173
281,2,Wed,18,25,2018-09-05 18:25:00,2018-09-12 18:25:00,2018-09-19 18:25:00,2018-09-26 18:25:00,0.397121,1.023420
282,2,Wed,7,20,2018-09-05 07:20:00,2018-09-12 07:20:00,2018-09-19 07:20:00,2018-09-26 07:20:00,0.383023,0.574733
283,2,Wed,15,05,2018-09-05 15:05:00,2018-09-12 15:05:00,2018-09-19 15:05:00,2018-09-26 15:05:00,0.320807,0.936054
284,2,Wed,12,55,2018-09-05 12:55:00,2018-09-12 12:55:00,2018-09-19 12:55:00,2018-09-26 12:55:00,0.339347,1.003955
285,2,Wed,11,35,2018-09-05 11:35:00,2018-09-12 11:35:00,2018-09-19 11:35:00,2018-09-26 11:35:00,0.271953,0.966217
286,2,Wed,16,20,2018-09-05 16:20:00,2018-09-12 16:20:00,2018-09-19 16:20:00,2018-09-26 16:20:00,0.349837,1.017692
287,2,Wed,19,10,2018-09-05 19:10:00,2018-09-12 19:10:00,2018-09-19 19:10:00,2018-09-26 19:10:00,0.332096,0.905424
288,2,Wed,19,25,2018-09-05 19:25:00,2018-09-12 19:25:00,2018-09-19 19:25:00,2018-09-26 19:25:00,0.425897,0.982016
289,2,Wed,23,00,2018-09-05 23:00:00,2018-09-12 23:00:00,2018-09-19 23:00:00,2018-09-26 23:00:00,0.698015,0.517812
290,2,Wed,10,35,2018-09-05 10:35:00,2018-09-12 10:35:00,2018-09-19 10:35:00,2018-09-26 10:35:00,0.328063,0.882672
291,2,Wed,18,30,2018-09-05 18:30:00,2018-09-12 18:30:00,2018-09-19 18:30:00,2018-09-26 18:30:00,0.424144,1.037273
292,2,Wed,20,25,2018-09-05 20:25:00,2018-09-12 20:25:00,2018-09-19 20:25:00,2018-09-26 20:25:00,0.630494,0.892335
293,2,Wed,4,40,2018-09-05 04:40:00,2018-09-12 04:40:00,2018-09-19 04:40:00,2018-09-26 04:40:00,0.719425,0.173846
294,2,Wed,0,30,2018-09-05 00:30:00,2018-09-12 00:30:00,2018-09-19 00:30:00,2018-09-26 00:30:00,0.558922,0.299393
295,2,Wed,10,00,2018-09-05 10:00:00,2018-09-12 10:00:00,2018-09-19 10:00:00,2018-09-26 10:00:00,0.311991,1.125617
296,2,Wed,7,35,2018-09-05 07:35:00,2018-09-12 07:35:00,2018-09-19 07:35:00,2018-09-26 07:35:00,0.376113,0.755932
297,2,Wed,4,30,2018-09-05 04:30:00,2018-09-12 04:30:00,2018-09-19 04:30:00,2018-09-26 04:30:00,0.638336,0.182289
298,2,Wed,14,10,2018-09-05 14:10:00,2018-09-12 14:10:00,2018-09-19 14:10:00,2018-09-26 14:10:00,0.319858,1.015639
299,2,Wed,8,25,2018-09-05 08:25:00,2018-09-12 08:25:00,2018-09-19 08:25:00,2018-09-26 08:25:00,0.330420,0.921836
300,2,Wed,2,15,2018-09-05 02:15:00,2018-09-12 02:15:00,2018-09-19 02:15:00,2018-09-26 02:15:00,0.605445,0.175932
301,2,Wed,18,00,2018-09-05 18:00:00,2018-09-12 18:00:00,2018-09-19 18:00:00,2018-09-26 18:00:00,0.356989,1.020072
302,2,Wed,13,55,2018-09-05 13:55:00,2018-09-12 13:55:00,2018-09-19 13:55:00,2018-09-26 13:55:00,0.334961,1.017229
303,2,Wed,22,00,2018-09-05 22:00:00,2018-09-12 22:00:00,2018-09-19 22:00:00,2018-09-26 22:00:00,0.660935,0.664664
304,2,Wed,9,30,2018-09-05 09:30:00,2018-09-12 09:30:00,2018-09-19 09:30:00,2018-09-26 09:30:00,0.283373,0.973385
305,2,Wed,11,05,2018-09-05 11:05:00,2018-09-12 11:05:00,2018-09-19 11:05:00,2018-09-26 11:05:00,0.240002,0.961853
306,2,Wed,0,40,2018-09-05 00:40:00,2018-09-12 00:40:00,2018-09-19 00:40:00,2018-09-26 00:40:00,0.568014,0.237425
307,2,Wed,3,55,2018-09-05 03:55:00,2018-09-12 03:55:00,2018-09-19 03:55:00,2018-09-26 03:55:00,0.655049,0.181920
308,2,Wed,2,40,2018-09-05 02:40:00,2018-09-12 02:40:00,2018-09-19 02:40:00,2018-09-26 02:40:00,0.705698,0.149491
309,2,Wed,16,05,2018-09-05 16:05:00,2018-09-12 16:05:00,2018-09-19 16:05:00,2018-09-26 16:05:00,0.390871,1.028131
310,2,Wed,20,55,2018-09-05 20:55:00,2018-09-12 20:55:00,2018-09-19 20:55:00,2018-09-26 20:55:00,0.452004,0.645019
311,2,Wed,11,30,2018-09-05 11:30:00,2018-09-12 11:30:00,2018-09-19 11:30:00,2018-09-26 11:30:00,0.255817,0.898245
312,2,Wed,6,30,2018-09-05 06:30:00,2018-09-12 06:30:00,2018-09-19 06:30:00,2018-09-26 06:30:00,0.440843,0.394456
313,2,Wed,22,30,2018-09-05 22:30:00,2018-09-12 22:30:00,2018-09-19 22:30:00,2018-09-26 22:30:00,0.608429,0.498983
314,2,Wed,23,40,2018-09-05 23:40:00,2018-09-12 23:40:00,2018-09-19 23:40:00,2018-09-26 23:40:00,0.662506,0.338061
315,2,Wed,3,25,2018-09-05 03:25:00,2018-09-12 03:25:00,2018-09-19 03:25:00,2018-09-26 03:25:00,0.674938,0.202144
316,2,Wed,7,25,2018-09-05 07:25:00,2018-09-12 07:25:00,2018-09-19 07:25:00,2018-09-26 07:25:00,0.427812,0.602859
317,2,Wed,21,30,2018-09-05 21:30:00,2018-09-12 21:30:00,2018-09-19 21:30:00,2018-09-26 21:30:00,0.603841,0.647897
318,2,Wed,11,45,2018-09-05 11:45:00,2018-09-12 11:45:00,2018-09-19 11:45:00,2018-09-26 11:45:00,0.322224,0.867420
319,2,Wed,3,20,2018-09-05 03:20:00,2018-09-12 03:20:00,2018-09-19 03:20:00,2018-09-26 03:20:00,0.726098,0.193183
320,2,Wed,4,00,2018-09-05 04:00:00,2018-09-12 04:00:00,2018-09-19 04:00:00,2018-09-26 04:00:00,0.621233,0.242703
321,2,Wed,3,40,2018-09-05 03:40:00,2018-09-12 03:40:00,2018-09-19 03:40:00,2018-09-26 03:40:00,0.651735,0.232654
322,2,Wed,4,25,2018-09-05 04:25:00,2018-09-12 04:25:00,2018-09-19 04:25:00,2018-09-26 04:25:00,0.573929,0.195839
323,2,Wed,9,00,2018-09-05 09:00:00,2018-09-12 09:00:00,2018-09-19 09:00:00,2018-09-26 09:00:00,0.305475,0.938655
324,2,Wed,18,15,2018-09-05 18:15:00,2018-09-12 18:15:00,2018-09-19 18:15:00,2018-09-26 18:15:00,0.428842,1.054066
325,2,Wed,14,05,2018-09-05 14:05:00,2018-09-12 14:05:00,2018-09-19 14:05:00,2018-09-26 14:05:00,0.401521,1.044661
326,2,Wed,21,40,2018-09-05 21:40:00,2018-09-12 21:40:00,2018-09-19 21:40:00,2018-09-26 21:40:00,0.542279,0.606155
327,2,Wed,7,15,2018-09-05 07:15:00,2018-09-12 07:15:00,2018-09-19 07:15:00,2018-09-26 07:15:00,0.353602,0.585192
328,2,Wed,21,50,2018-09-05 21:50:00,2018-09-12 21:50:00,2018-09-19 21:50:00,2018-09-26 21:50:00,0.519582,0.517339
329,2,Wed,14,20,2018-09-05 14:20:00,2018-09-12 14:20:00,2018-09-19 14:20:00,2018-09-26 14:20:00,0.302062,0.908321
330,2,Wed,1,40,2018-09-05 01:40:00,2018-09-12 01:40:00,2018-09-19 01:40:00,2018-09-26 01:40:00,0.675025,0.230001
331,2,Wed,11,55,2018-09-05 11:55:00,2018-09-12 11:55:00,2018-09-19 11:55:00,2018-09-26 11:55:00,0.285987,0.882393
332,2,Wed,20,20,2018-09-05 20:20:00,2018-09-12 20:20:00,2018-09-19 20:20:00,2018-09-26 20:20:00,0.521471,0.850539
333,2,Wed,21,00,2018-09-05 21:00:00,2018-09-12 21:00:00,2018-09-19 21:00:00,2018-09-26 21:00:00,0.537503,0.649323
334,2,Wed,21,10,2018-09-05 21:10:00,2018-09-12 21:10:00,2018-09-19 21:10:00,2018-09-26 21:10:00,0.535867,0.694707
335,2,Wed,2,25,2018-09-05 02:25:00,2018-09-12 02:25:00,2018-09-19 02:25:00,2018-09-26 02:25:00,0.660444,0.217387
336,2,Wed,13,50,2018-09-05 13:50:00,2018-09-12 13:50:00,2018-09-19 13:50:00,2018-09-26 13:50:00,0.284386,0.998382
337,2,Wed,7,30,2018-09-05 07:30:00,2018-09-12 07:30:00,2018-09-19 07:30:00,2018-09-26 07:30:00,0.401312,0.704153
338,2,Wed,1,10,2018-09-05 01:10:00,2018-09-12 01:10:00,2018-09-19 01:10:00,2018-09-26 01:10:00,0.788770,0.269022
339,2,Wed,17,00,2018-09-05 17:00:00,2018-09-12 17:00:00,2018-09-19 17:00:00,2018-09-26 17:00:00,0.300721,0.986021
340,2,Wed,12,10,2018-09-05 12:10:00,2018-09-12 12:10:00,2018-09-19 12:10:00,2018-09-26 12:10:00,0.359490,0.996816
341,2,Wed,22,55,2018-09-05 22:55:00,2018-09-12 22:55:00,2018-09-19 22:55:00,2018-09-26 22:55:00,0.650900,0.529144
342,2,Wed,18,55,2018-09-05 18:55:00,2018-09-12 18:55:00,2018-09-19 18:55:00,2018-09-26 18:55:00,0.330773,1.003763
343,2,Wed,22,20,2018-09-05 22:20:00,2018-09-12 22:20:00,2018-09-19 22:20:00,2018-09-26 22:20:00,0.600178,0.593132
344,2,Wed,3,50,2018-09-05 03:50:00,2018-09-12 03:50:00,2018-09-19 03:50:00,2018-09-26 03:50:00,0.560370,0.215112
345,2,Wed,2,45,2018-09-05 02:45:00,2018-09-12 02:45:00,2018-09-19 02:45:00,2018-09-26 02:45:00,0.680544,0.167248
346,2,Wed,19,50,2018-09-05 19:50:00,2018-09-12 19:50:00,2018-09-19 19:50:00,2018-09-26 19:50:00,0.368605,0.826598
347,2,Wed,7,55,2018-09-05 07:55:00,2018-09-12 07:55:00,2018-09-19 07:55:00,2018-09-26 07:55:00,0.397994,0.712645
348,2,Wed,1,30,2018-09-05 01:30:00,2018-09-12 01:30:00,2018-09-19 01:30:00,2018-09-26 01:30:00,0.685918,0.219126
349,2,Wed,12,35,2018-09-05 12:35:00,2018-09-12 12:35:00,2018-09-19 12:35:00,2018-09-26 12:35:00,0.363571,0.934828
350,2,Wed,19,30,2018-09-05 19:30:00,2018-09-12 19:30:00,2018-09-19 19:30:00,2018-09-26 19:30:00,0.364885,0.983427
351,2,Wed,11,40,2018-09-05 11:40:00,2018-09-12 11:40:00,2018-09-19 11:40:00,2018-09-26 11:40:00,0.270631,0.915109
352,2,Wed,9,25,2018-09-05 09:25:00,2018-09-12 09:25:00,2018-09-19 09:25:00,2018-09-26 09:25:00,0.328378,0.997159
353,2,Wed,18,05,2018-09-05 18:05:00,2018-09-12 18:05:00,2018-09-19 18:05:00,2018-09-26 18:05:00,0.335223,1.029670
354,2,Wed,4,05,2018-09-05 04:05:00,2018-09-12 04:05:00,2018-09-19 04:05:00,2018-09-26 04:05:00,0.653450,0.167077
355,2,Wed,23,25,2018-09-05 23:25:00,2018-09-12 23:25:00,2018-09-19 23:25:00,2018-09-26 23:25:00,0.583465,0.348888
356,2,Wed,4,45,2018-09-05 04:45:00,2018-09-12 04:45:00,2018-09-19 04:45:00,2018-09-26 04:45:00,0.707109,0.182100
357,2,Wed,17,15,2018-09-05 17:15:00,2018-09-12 17:15:00,2018-09-19 17:15:00,2018-09-26 17:15:00,0.411909,1.095528
358,2,Wed,8,40,2018-09-05 08:40:00,2018-09-12 08:40:00,2018-09-19 08:40:00,2018-09-26 08:40:00,0.391407,1.127366
359,2,Wed,0,45,2018-09-05 00:45:00,2018-09-12 00:45:00,2018-09-19 00:45:00,2018-09-26 00:45:00,0.625996,0.275047
360,3,Thu,8,50,2018-09-06 08:50:00,2018-09-13 08:50:00,2018-09-20 08:50:00,2018-09-27 08:50:00,0.305610,0.966854
361,3,Thu,7,15,2018-09-06 07:15:00,2018-09-13 07:15:00,2018-09-20 07:15:00,2018-09-27 07:15:00,0.451854,0.548879
362,3,Thu,4,30,2018-09-06 04:30:00,2018-09-13 04:30:00,2018-09-20 04:30:00,2018-09-27 04:30:00,0.573198,0.190483
363,3,Thu,12,55,2018-09-06 12:55:00,2018-09-13 12:55:00,2018-09-20 12:55:00,2018-09-27 12:55:00,0.356886,0.995225
364,3,Thu,11,20,2018-09-06 11:20:00,2018-09-13 11:20:00,2018-09-20 11:20:00,2018-09-27 11:20:00,0.284237,0.938445
365,3,Thu,13,05,2018-09-06 13:05:00,2018-09-13 13:05:00,2018-09-20 13:05:00,2018-09-27 13:05:00,0.380269,1.024453
366,3,Thu,23,10,2018-09-06 23:10:00,2018-09-13 23:10:00,2018-09-20 23:10:00,2018-09-27 23:10:00,0.639432,0.376593
367,3,Thu,18,00,2018-09-06 18:00:00,2018-09-13 18:00:00,2018-09-20 18:00:00,2018-09-27 18:00:00,0.414880,0.992546
368,3,Thu,10,15,2018-09-06 10:15:00,2018-09-13 10:15:00,2018-09-20 10:15:00,2018-09-27 10:15:00,0.283329,0.905727
369,3,Thu,12,40,2018-09-06 12:40:00,2018-09-13 12:40:00,2018-09-20 12:40:00,2018-09-27 12:40:00,0.321434,0.979254
370,3,Thu,16,05,2018-09-06 16:05:00,2018-09-13 16:05:00,2018-09-20 16:05:00,2018-09-27 16:05:00,0.365483,0.895241
371,3,Thu,1,50,2018-09-06 01:50:00,2018-09-13 01:50:00,2018-09-20 01:50:00,2018-09-27 01:50:00,0.684178,0.213225
372,3,Thu,18,55,2018-09-06 18:55:00,2018-09-13 18:55:00,2018-09-20 18:55:00,2018-09-27 18:55:00,0.300288,0.940963
373,3,Thu,15,55,2018-09-06 15:55:00,2018-09-13 15:55:00,2018-09-20 15:55:00,2018-09-27 15:55:00,0.377854,1.074790
374,3,Thu,12,00,2018-09-06 12:00:00,2018-09-13 12:00:00,2018-09-20 12:00:00,2018-09-27 12:00:00,0.326930,0.946187
375,3,Thu,6,05,2018-09-06 06:05:00,2018-09-13 06:05:00,2018-09-20 06:05:00,2018-09-27 06:05:00,0.648194,0.286311
376,3,Thu,7,20,2018-09-06 07:20:00,2018-09-13 07:20:00,2018-09-20 07:20:00,2018-09-27 07:20:00,0.419408,0.609953
377,3,Thu,7,55,2018-09-06 07:55:00,2018-09-13 07:55:00,2018-09-20 07:55:00,2018-09-27 07:55:00,0.424001,0.801841
378,3,Thu,22,30,2018-09-06 22:30:00,2018-09-13 22:30:00,2018-09-20 22:30:00,2018-09-27 22:30:00,0.594854,0.490223
379,3,Thu,3,25,2018-09-06 03:25:00,2018-09-13 03:25:00,2018-09-20 03:25:00,2018-09-27 03:25:00,0.688145,0.230722
380,3,Thu,20,45,2018-09-06 20:45:00,2018-09-13 20:45:00,2018-09-20 20:45:00,2018-09-27 20:45:00,0.562439,0.819186
381,3,Thu,9,05,2018-09-06 09:05:00,2018-09-13 09:05:00,2018-09-20 09:05:00,2018-09-27 09:05:00,0.332491,1.002575
382,3,Thu,2,45,2018-09-06 02:45:00,2018-09-13 02:45:00,2018-09-20 02:45:00,2018-09-27 02:45:00,0.624144,0.184051
383,3,Thu,21,40,2018-09-06 21:40:00,2018-09-13 21:40:00,2018-09-20 21:40:00,2018-09-27 21:40:00,0.554719,0.600418
384,3,Thu,1,35,2018-09-06 01:35:00,2018-09-13 01:35:00,2018-09-20 01:35:00,2018-09-27 01:35:00,0.686854,0.208416
385,3,Thu,5,40,2018-09-06 05:40:00,2018-09-13 05:40:00,2018-09-20 05:40:00,2018-09-27 05:40:00,0.557809,0.262990
386,3,Thu,3,00,2018-09-06 03:00:00,2018-09-13 03:00:00,2018-09-20 03:00:00,2018-09-27 03:00:00,0.589750,0.182700
387,3,Thu,22,40,2018-09-06 22:40:00,2018-09-13 22:40:00,2018-09-20 22:40:00,2018-09-27 22:40:00,0.549466,0.469075
388,3,Thu,16,25,2018-09-06 16:25:00,2018-09-13 16:25:00,2018-09-20 16:25:00,2018-09-27 16:25:00,0.376444,0.976604
389,3,Thu,12,10,2018-09-06 12:10:00,2018-09-13 12:10:00,2018-09-20 12:10:00,2018-09-27 12:10:00,0.292238,0.916648
390,3,Thu,3,35,2018-09-06 03:35:00,2018-09-13 03:35:00,2018-09-20 03:35:00,2018-09-27 03:35:00,0.682272,0.195679
391,3,Thu,6,45,2018-09-06 06:45:00,2018-09-13 06:45:00,2018-09-20 06:45:00,2018-09-27 06:45:00,0.477178,0.545989
392,3,Thu,21,05,2018-09-06 21:05:00,2018-09-13 21:05:00,2018-09-20 21:05:00,2018-09-27 21:05:00,0.508568,0.700815
393,3,Thu,11,35,2018-09-06 11:35:00,2018-09-13 11:35:00,2018-09-20 11:35:00,2018-09-27 11:35:00,0.283580,0.906557
394,3,Thu,3,05,2018-09-06 03:05:00,2018-09-13 03:05:00,2018-09-20 03:05:00,2018-09-27 03:05:00,0.617225,0.154267
395,3,Thu,21,45,2018-09-06 21:45:00,2018-09-13 21:45:00,2018-09-20 21:45:00,2018-09-27 21:45:00,0.608055,0.619903
396,3,Thu,15,35,2018-09-06 15:35:00,2018-09-13 15:35:00,2018-09-20 15:35:00,2018-09-27 15:35:00,0.324381,0.911813
397,3,Thu,14,05,2018-09-06 14:05:00,2018-09-13 14:05:00,2018-09-20 14:05:00,2018-09-27 14:05:00,0.338970,0.994561
398,3,Thu,6,50,2018-09-06 06:50:00,2018-09-13 06:50:00,2018-09-20 06:50:00,2018-09-27 06:50:00,0.420070,0.502300
399,3,Thu,17,30,2018-09-06 17:30:00,2018-09-13 17:30:00,2018-09-20 17:30:00,2018-09-27 17:30:00,0.413755,0.972636
400,3,Thu,1,20,2018-09-06 01:20:00,2018-09-13 01:20:00,2018-09-20 01:20:00,2018-09-27 01:20:00,0.681341,0.234286
401,3,Thu,23,45,2018-09-06 23:45:00,2018-09-13 23:45:00,2018-09-20 23:45:00,2018-09-27 23:45:00,0.622942,0.285471
402,3,Thu,17,00,2018-09-06 17:00:00,2018-09-13 17:00:00,2018-09-20 17:00:00,2018-09-27 17:00:00,0.365739,1.024732
403,3,Thu,2,25,2018-09-06 02:25:00,2018-09-13 02:25:00,2018-09-20 02:25:00,2018-09-27 02:25:00,0.516418,0.163216
404,3,Thu,22,50,2018-09-06 22:50:00,2018-09-13 22:50:00,2018-09-20 22:50:00,2018-09-27 22:50:00,0.569011,0.518537
405,3,Thu,20,50,2018-09-06 20:50:00,2018-09-13 20:50:00,2018-09-20 20:50:00,2018-09-27 20:50:00,0.552265,0.744109
406,3,Thu,17,50,2018-09-06 17:50:00,2018-09-13 17:50:00,2018-09-20 17:50:00,2018-09-27 17:50:00,0.327867,1.042735
407,3,Thu,15,25,2018-09-06 15:25:00,2018-09-13 15:25:00,2018-09-20 15:25:00,2018-09-27 15:25:00,0.365685,0.937341
408,3,Thu,14,00,2018-09-06 14:00:00,2018-09-13 14:00:00,2018-09-20 14:00:00,2018-09-27 14:00:00,0.295740,0.998693
409,3,Thu,6,00,2018-09-06 06:00:00,2018-09-13 06:00:00,2018-09-20 06:00:00,2018-09-27 06:00:00,0.590708,0.306444
410,3,Thu,5,50,2018-09-06 05:50:00,2018-09-13 05:50:00,2018-09-20 05:50:00,2018-09-27 05:50:00,0.601542,0.299572
411,3,Thu,8,05,2018-09-06 08:05:00,2018-09-13 08:05:00,2018-09-20 08:05:00,2018-09-27 08:05:00,0.324176,0.844562
412,3,Thu,22,45,2018-09-06 22:45:00,2018-09-13 22:45:00,2018-09-20 22:45:00,2018-09-27 22:45:00,0.571204,0.542473
413,3,Thu,2,30,2018-09-06 02:30:00,2018-09-13 02:30:00,2018-09-20 02:30:00,2018-09-27 02:30:00,0.505628,0.188837
414,3,Thu,23,00,2018-09-06 23:00:00,2018-09-13 23:00:00,2018-09-20 23:00:00,2018-09-27 23:00:00,0.540189,0.477353
415,3,Thu,5,05,2018-09-06 05:05:00,2018-09-13 05:05:00,2018-09-20 05:05:00,2018-09-27 05:05:00,0.633922,0.270429
416,3,Thu,14,40,2018-09-06 14:40:00,2018-09-13 14:40:00,2018-09-20 14:40:00,2018-09-27 14:40:00,0.305515,0.998424
417,3,Thu,9,50,2018-09-06 09:50:00,2018-09-13 09:50:00,2018-09-20 09:50:00,2018-09-27 09:50:00,0.380288,1.069078
418,3,Thu,10,50,2018-09-06 10:50:00,2018-09-13 10:50:00,2018-09-20 10:50:00,2018-09-27 10:50:00,0.290515,0.911621
419,3,Thu,12,20,2018-09-06 12:20:00,2018-09-13 12:20:00,2018-09-20 12:20:00,2018-09-27 12:20:00,0.277236,0.957117
420,3,Thu,2,50,2018-09-06 02:50:00,2018-09-13 02:50:00,2018-09-20 02:50:00,2018-09-27 02:50:00,0.701340,0.211294
421,3,Thu,22,25,2018-09-06 22:25:00,2018-09-13 22:25:00,2018-09-20 22:25:00,2018-09-27 22:25:00,0.628877,0.639636
422,3,Thu,1,00,2018-09-06 01:00:00,2018-09-13 01:00:00,2018-09-20 01:00:00,2018-09-27 01:00:00,0.640679,0.183330
423,3,Thu,13,40,2018-09-06 13:40:00,2018-09-13 13:40:00,2018-09-20 13:40:00,2018-09-27 13:40:00,0.315186,1.038998
424,3,Thu,8,40,2018-09-06 08:40:00,2018-09-13 08:40:00,2018-09-20 08:40:00,2018-09-27 08:40:00,0.307388,1.022543
425,3,Thu,0,55,2018-09-06 00:55:00,2018-09-13 00:55:00,2018-09-20 00:55:00,2018-09-27 00:55:00,0.744774,0.260053
426,3,Thu,4,35,2018-09-06 04:35:00,2018-09-13 04:35:00,2018-09-20 04:35:00,2018-09-27 04:35:00,0.510061,0.185426
427,3,Thu,9,35,2018-09-06 09:35:00,2018-09-13 09:35:00,2018-09-20 09:35:00,2018-09-27 09:35:00,0.321930,1.100226
428,3,Thu,3,45,2018-09-06 03:45:00,2018-09-13 03:45:00,2018-09-20 03:45:00,2018-09-27 03:45:00,0.662428,0.181159
429,3,Thu,7,00,2018-09-06 07:00:00,2018-09-13 07:00:00,2018-09-20 07:00:00,2018-09-27 07:00:00,0.457194,0.497913
430,3,Thu,2,10,2018-09-06 02:10:00,2018-09-13 02:10:00,2018-09-20 02:10:00,2018-09-27 02:10:00,0.581711,0.170077
431,3,Thu,23,40,2018-09-06 23:40:00,2018-09-13 23:40:00,2018-09-20 23:40:00,2018-09-27 23:40:00,0.637873,0.302254
432,3,Thu,1,15,2018-09-06 01:15:00,2018-09-13 01:15:00,2018-09-20 01:15:00,2018-09-27 01:15:00,0.653333,0.222939
433,3,Thu,21,55,2018-09-06 21:55:00,2018-09-13 21:55:00,2018-09-20 21:55:00,2018-09-27 21:55:00,0.502568,0.630383
434,3,Thu,3,40,2018-09-06 03:40:00,2018-09-13 03:40:00,2018-09-20 03:40:00,2018-09-27 03:40:00,0.679429,0.169736
435,3,Thu,14,20,2018-09-06 14:20:00,2018-09-13 14:20:00,2018-09-20 14:20:00,2018-09-27 14:20:00,0.311638,0.938437
436,3,Thu,2,55,2018-09-06 02:55:00,2018-09-13 02:55:00,2018-09-20 02:55:00,2018-09-27 02:55:00,0.627201,0.156855
437,3,Thu,19,40,2018-09-06 19:40:00,2018-09-13 19:40:00,2018-09-20 19:40:00,2018-09-27 19:40:00,0.544149,0.895454
438,3,Thu,22,55,2018-09-06 22:55:00,2018-09-13 22:55:00,2018-09-20 22:55:00,2018-09-27 22:55:00,0.559630,0.493975
439,3,Thu,15,50,2018-09-06 15:50:00,2018-09-13 15:50:00,2018-09-20 15:50:00,2018-09-27 15:50:00,0.295117,1.019896
440,3,Thu,8,00,2018-09-06 08:00:00,2018-09-13 08:00:00,2018-09-20 08:00:00,2018-09-27 08:00:00,0.326940,0.782738
441,3,Thu,21,50,2018-09-06 21:50:00,2018-09-13 21:50:00,2018-09-20 21:50:00,2018-09-27 21:50:00,0.508056,0.590659
442,3,Thu,11,55,2018-09-06 11:55:00,2018-09-13 11:55:00,2018-09-20 11:55:00,2018-09-27 11:55:00,0.330179,0.916046
443,3,Thu,3,55,2018-09-06 03:55:00,2018-09-13 03:55:00,2018-09-20 03:55:00,2018-09-27 03:55:00,0.628386,0.155424
444,3,Thu,4,00,2018-09-06 04:00:00,2018-09-13 04:00:00,2018-09-20 04:00:00,2018-09-27 04:00:00,0.581768,0.151846
445,3,Thu,20,15,2018-09-06 20:15:00,2018-09-13 20:15:00,2018-09-20 20:15:00,2018-09-27 20:15:00,0.520358,0.785060
446,3,Thu,0,20,2018-09-06 00:20:00,2018-09-13 00:20:00,2018-09-20 00:20:00,2018-09-27 00:20:00,0.653369,0.363984
447,3,Thu,10,55,2018-09-06 10:55:00,2018-09-13 10:55:00,2018-09-20 10:55:00,2018-09-27 10:55:00,0.330048,0.932491
448,3,Thu,10,40,2018-09-06 10:40:00,2018-09-13 10:40:00,2018-09-20 10:40:00,2018-09-27 10:40:00,0.349742,0.948111
449,3,Thu,6,55,2018-09-06 06:55:00,2018-09-13 06:55:00,2018-09-20 06:55:00,2018-09-27 06:55:00,0.435618,0.504562
450,3,Thu,21,30,2018-09-06 21:30:00,2018-09-13 21:30:00,2018-09-20 21:30:00,2018-09-27 21:30:00,0.529664,0.623245
451,3,Thu,2,00,2018-09-06 02:00:00,2018-09-13 02:00:00,2018-09-20 02:00:00,2018-09-27 02:00:00,0.561686,0.173307
452,3,Thu,3,30,2018-09-06 03:30:00,2018-09-13 03:30:00,2018-09-20 03:30:00,2018-09-27 03:30:00,0.677400,0.221281
453,3,Thu,17,10,2018-09-06 17:10:00,2018-09-13 17:10:00,2018-09-20 17:10:00,2018-09-27 17:10:00,0.353082,1.019957
454,3,Thu,16,55,2018-09-06 16:55:00,2018-09-13 16:55:00,2018-09-20 16:55:00,2018-09-27 16:55:00,0.355967,1.050951
455,3,Thu,13,10,2018-09-06 13:10:00,2018-09-13 13:10:00,2018-09-20 13:10:00,2018-09-27 13:10:00,0.344444,0.981710
456,3,Thu,7,45,2018-09-06 07:45:00,2018-09-13 07:45:00,2018-09-20 07:45:00,2018-09-27 07:45:00,0.491987,0.831565
457,3,Thu,3,20,2018-09-06 03:20:00,2018-09-13 03:20:00,2018-09-20 03:20:00,2018-09-27 03:20:00,0.661002,0.196561
458,3,Thu,7,35,2018-09-06 07:35:00,2018-09-13 07:35:00,2018-09-20 07:35:00,2018-09-27 07:35:00,0.408915,0.832922
459,3,Thu,14,45,2018-09-06 14:45:00,2018-09-13 14:45:00,2018-09-20 14:45:00,2018-09-27 14:45:00,0.339470,0.948388
460,3,Thu,22,35,2018-09-06 22:35:00,2018-09-13 22:35:00,2018-09-20 22:35:00,2018-09-27 22:35:00,0.578943,0.457579
461,3,Thu,23,35,2018-09-06 23:35:00,2018-09-13 23:35:00,2018-09-20 23:35:00,2018-09-27 23:35:00,0.607943,0.344416
462,3,Thu,10,00,2018-09-06 10:00:00,2018-09-13 10:00:00,2018-09-20 10:00:00,2018-09-27 10:00:00,0.230741,0.894179
463,3,Thu,7,30,2018-09-06 07:30:00,2018-09-13 07:30:00,2018-09-20 07:30:00,2018-09-27 07:30:00,0.380040,0.813066
464,3,Thu,20,30,2018-09-06 20:30:00,2018-09-13 20:30:00,2018-09-20 20:30:00,2018-09-27 20:30:00,0.468921,0.744383
465,3,Thu,14,15,2018-09-06 14:15:00,2018-09-13 14:15:00,2018-09-20 14:15:00,2018-09-27 14:15:00,0.366104,1.008422
466,3,Thu,23,50,2018-09-06 23:50:00,2018-09-13 23:50:00,2018-09-20 23:50:00,2018-09-27 23:50:00,0.507268,0.305012
467,3,Thu,9,25,2018-09-06 09:25:00,2018-09-13 09:25:00,2018-09-20 09:25:00,2018-09-27 09:25:00,0.343401,1.029347
468,3,Thu,0,15,2018-09-06 00:15:00,2018-09-13 00:15:00,2018-09-20 00:15:00,2018-09-27 00:15:00,0.532232,0.315350
469,3,Thu,17,45,2018-09-06 17:45:00,2018-09-13 17:45:00,2018-09-20 17:45:00,2018-09-27 17:45:00,0.334634,0.996446
470,3,Thu,0,30,2018-09-06 00:30:00,2018-09-13 00:30:00,2018-09-20 00:30:00,2018-09-27 00:30:00,0.589169,0.268746
471,3,Thu,19,25,2018-09-06 19:25:00,2018-09-13 19:25:00,2018-09-20 19:25:00,2018-09-27 19:25:00,0.376597,0.972199
472,3,Thu,17,40,2018-09-06 17:40:00,2018-09-13 17:40:00,2018-09-20 17:40:00,2018-09-27 17:40:00,0.325618,1.032163
473,3,Thu,20,10,2018-09-06 20:10:00,2018-09-13 20:10:00,2018-09-20 20:10:00,2018-09-27 20:10:00,0.433639,0.778389
474,3,Thu,13,25,2018-09-06 13:25:00,2018-09-13 13:25:00,2018-09-20 13:25:00,2018-09-27 13:25:00,0.283849,0.978984
475,3,Thu,7,05,2018-09-06 07:05:00,2018-09-13 07:05:00,2018-09-20 07:05:00,2018-09-27 07:05:00,0.402661,0.484109
476,3,Thu,9,40,2018-09-06 09:40:00,2018-09-13 09:40:00,2018-09-20 09:40:00,2018-09-27 09:40:00,0.390353,1.147393
477,3,Thu,4,25,2018-09-06 04:25:00,2018-09-13 04:25:00,2018-09-20 04:25:00,2018-09-27 04:25:00,0.559740,0.245425
478,3,Thu,13,55,2018-09-06 13:55:00,2018-09-13 13:55:00,2018-09-20 13:55:00,2018-09-27 13:55:00,0.289537,0.988869
479,3,Thu,15,30,2018-09-06 15:30:00,2018-09-13 15:30:00,2018-09-20 15:30:00,2018-09-27 15:30:00,0.337431,0.881022
480,4,Fri,11,00,2018-09-07 11:00:00,2018-09-14 11:00:00,2018-09-21 11:00:00,2018-09-28 11:00:00,0.258099,0.958864
481,4,Fri,4,05,2018-09-07 04:05:00,2018-09-14 04:05:00,2018-09-21 04:05:00,2018-09-28 04:05:00,0.478505,0.194554
482,4,Fri,9,30,2018-09-07 09:30:00,2018-09-14 09:30:00,2018-09-21 09:30:00,2018-09-28 09:30:00,0.371181,1.008224
483,4,Fri,19,35,2018-08-31 19:35:00,2018-09-07 19:35:00,2018-09-14 19:35:00,2018-09-21 19:35:00,0.479851,0.950811
484,4,Fri,17,40,2018-09-07 17:40:00,2018-09-14 17:40:00,2018-09-21 17:40:00,2018-09-28 17:40:00,0.352212,1.009458
485,4,Fri,1,10,2018-09-07 01:10:00,2018-09-14 01:10:00,2018-09-21 01:10:00,2018-09-28 01:10:00,0.722477,0.214547
486,4,Fri,4,10,2018-09-07 04:10:00,2018-09-14 04:10:00,2018-09-21 04:10:00,2018-09-28 04:10:00,0.545614,0.239940
487,4,Fri,6,25,2018-09-07 06:25:00,2018-09-14 06:25:00,2018-09-21 06:25:00,2018-09-28 06:25:00,0.392836,0.338850
488,4,Fri,22,50,2018-08-31 22:50:00,2018-09-07 22:50:00,2018-09-14 22:50:00,2018-09-21 22:50:00,0.583090,0.510530
489,4,Fri,6,05,2018-09-07 06:05:00,2018-09-14 06:05:00,2018-09-21 06:05:00,2018-09-28 06:05:00,0.604283,0.289972
490,4,Fri,3,45,2018-09-07 03:45:00,2018-09-14 03:45:00,2018-09-21 03:45:00,2018-09-28 03:45:00,0.605155,0.187622
491,4,Fri,14,10,2018-09-07 14:10:00,2018-09-14 14:10:00,2018-09-21 14:10:00,2018-09-28 14:10:00,0.391931,0.962959
492,4,Fri,11,05,2018-09-07 11:05:00,2018-09-14 11:05:00,2018-09-21 11:05:00,2018-09-28 11:05:00,0.340471,0.937618
493,4,Fri,17,45,2018-09-07 17:45:00,2018-09-14 17:45:00,2018-09-21 17:45:00,2018-09-28 17:45:00,0.369768,1.063344
494,4,Fri,23,45,2018-08-31 23:45:00,2018-09-07 23:45:00,2018-09-14 23:45:00,2018-09-21 23:45:00,0.565827,0.344978
495,4,Fri,18,05,2018-09-07 18:05:00,2018-09-14 18:05:00,2018-09-21 18:05:00,2018-09-28 18:05:00,0.423698,1.135908
496,4,Fri,16,40,2018-09-07 16:40:00,2018-09-14 16:40:00,2018-09-21 16:40:00,2018-09-28 16:40:00,0.272380,1.032236
497,4,Fri,18,15,2018-09-07 18:15:00,2018-09-14 18:15:00,2018-09-21 18:15:00,2018-09-28 18:15:00,0.370312,1.010779
498,4,Fri,12,35,2018-09-07 12:35:00,2018-09-14 12:35:00,2018-09-21 12:35:00,2018-09-28 12:35:00,0.320224,0.957120
499,4,Fri,18,40,2018-09-07 18:40:00,2018-09-14 18:40:00,2018-09-21 18:40:00,2018-09-28 18:40:00,0.459130,1.014654
500,4,Fri,23,50,2018-08-31 23:50:00,2018-09-07 23:50:00,2018-09-14 23:50:00,2018-09-21 23:50:00,0.623009,0.367646
501,4,Fri,20,50,2018-08-31 20:50:00,2018-09-07 20:50:00,2018-09-14 20:50:00,2018-09-21 20:50:00,0.563950,0.749762
502,4,Fri,3,05,2018-09-07 03:05:00,2018-09-14 03:05:00,2018-09-21 03:05:00,2018-09-28 03:05:00,0.602430,0.188068
503,4,Fri,20,10,2018-08-31 20:10:00,2018-09-07 20:10:00,2018-09-14 20:10:00,2018-09-21 20:10:00,0.502946,0.837652
504,4,Fri,21,50,2018-08-31 21:50:00,2018-09-07 21:50:00,2018-09-14 21:50:00,2018-09-21 21:50:00,0.669749,0.657769
505,4,Fri,23,40,2018-08-31 23:40:00,2018-09-07 23:40:00,2018-09-14 23:40:00,2018-09-21 23:40:00,0.661524,0.401286
506,4,Fri,16,30,2018-09-07 16:30:00,2018-09-14 16:30:00,2018-09-21 16:30:00,2018-09-28 16:30:00,0.297636,0.972859
507,4,Fri,18,10,2018-09-07 18:10:00,2018-09-14 18:10:00,2018-09-21 18:10:00,2018-09-28 18:10:00,0.519910,1.143145
508,4,Fri,10,10,2018-09-07 10:10:00,2018-09-14 10:10:00,2018-09-21 10:10:00,2018-09-28 10:10:00,0.315716,1.025886
509,4,Fri,9,45,2018-09-07 09:45:00,2018-09-14 09:45:00,2018-09-21 09:45:00,2018-09-28 09:45:00,0.343870,1.033306
510,4,Fri,19,15,2018-08-31 19:15:00,2018-09-07 19:15:00,2018-09-14 19:15:00,2018-09-21 19:15:00,0.385520,0.968084
511,4,Fri,2,10,2018-09-07 02:10:00,2018-09-14 02:10:00,2018-09-21 02:10:00,2018-09-28 02:10:00,0.615799,0.149154
512,4,Fri,12,30,2018-09-07 12:30:00,2018-09-14 12:30:00,2018-09-21 12:30:00,2018-09-28 12:30:00,0.270761,0.929679
513,4,Fri,18,30,2018-09-07 18:30:00,2018-09-14 18:30:00,2018-09-21 18:30:00,2018-09-28 18:30:00,0.414931,1.066440
514,4,Fri,12,40,2018-09-07 12:40:00,2018-09-14 12:40:00,2018-09-21 12:40:00,2018-09-28 12:40:00,0.268864,0.990905
515,4,Fri,17,25,2018-09-07 17:25:00,2018-09-14 17:25:00,2018-09-21 17:25:00,2018-09-28 17:25:00,0.421438,1.088194
516,4,Fri,13,35,2018-09-07 13:35:00,2018-09-14 13:35:00,2018-09-21 13:35:00,2018-09-28 13:35:00,0.310589,0.958362
517,4,Fri,1,40,2018-09-07 01:40:00,2018-09-14 01:40:00,2018-09-21 01:40:00,2018-09-28 01:40:00,0.602350,0.187367
518,4,Fri,16,00,2018-09-07 16:00:00,2018-09-14 16:00:00,2018-09-21 16:00:00,2018-09-28 16:00:00,0.350518,0.977686
519,4,Fri,9,15,2018-09-07 09:15:00,2018-09-14 09:15:00,2018-09-21 09:15:00,2018-09-28 09:15:00,0.359522,1.001637
520,4,Fri,19,00,2018-08-31 19:00:00,2018-09-07 19:00:00,2018-09-14 19:00:00,2018-09-21 19:00:00,0.466776,1.081955
521,4,Fri,5,25,2018-09-07 05:25:00,2018-09-14 05:25:00,2018-09-21 05:25:00,2018-09-28 05:25:00,0.550534,0.234062
522,4,Fri,10,50,2018-09-07 10:50:00,2018-09-14 10:50:00,2018-09-21 10:50:00,2018-09-28 10:50:00,0.349760,1.009923
523,4,Fri,16,10,2018-09-07 16:10:00,2018-09-14 16:10:00,2018-09-21 16:10:00,2018-09-28 16:10:00,0.375166,1.032693
524,4,Fri,21,40,2018-08-31 21:40:00,2018-09-07 21:40:00,2018-09-14 21:40:00,2018-09-21 21:40:00,0.650030,0.643735
525,4,Fri,2,05,2018-09-07 02:05:00,2018-09-14 02:05:00,2018-09-21 02:05:00,2018-09-28 02:05:00,0.640174,0.215455
526,4,Fri,2,00,2018-09-07 02:00:00,2018-09-14 02:00:00,2018-09-21 02:00:00,2018-09-28 02:00:00,0.616650,0.269580
527,4,Fri,22,30,2018-08-31 22:30:00,2018-09-07 22:30:00,2018-09-14 22:30:00,2018-09-21 22:30:00,0.547345,0.567155
528,4,Fri,11,35,2018-09-07 11:35:00,2018-09-14 11:35:00,2018-09-21 11:35:00,2018-09-28 11:35:00,0.278823,0.980941
529,4,Fri,2,40,2018-09-07 02:40:00,2018-09-14 02:40:00,2018-09-21 02:40:00,2018-09-28 02:40:00,0.584898,0.179719
530,4,Fri,15,25,2018-09-07 15:25:00,2018-09-14 15:25:00,2018-09-21 15:25:00,2018-09-28 15:25:00,0.313975,0.976287
531,4,Fri,22,05,2018-08-31 22:05:00,2018-09-07 22:05:00,2018-09-14 22:05:00,2018-09-21 22:05:00,0.587442,0.602691
532,4,Fri,10,45,2018-09-07 10:45:00,2018-09-14 10:45:00,2018-09-21 10:45:00,2018-09-28 10:45:00,0.395701,0.960622
533,4,Fri,13,25,2018-09-07 13:25:00,2018-09-14 13:25:00,2018-09-21 13:25:00,2018-09-28 13:25:00,0.270766,1.018261
534,4,Fri,18,00,2018-09-07 18:00:00,2018-09-14 18:00:00,2018-09-21 18:00:00,2018-09-28 18:00:00,0.378878,1.067815
535,4,Fri,10,00,2018-09-07 10:00:00,2018-09-14 10:00:00,2018-09-21 10:00:00,2018-09-28 10:00:00,0.352930,0.959268
536,4,Fri,13,15,2018-09-07 13:15:00,2018-09-14 13:15:00,2018-09-21 13:15:00,2018-09-28 13:15:00,0.261092,0.999775
537,4,Fri,4,25,2018-09-07 04:25:00,2018-09-14 04:25:00,2018-09-21 04:25:00,2018-09-28 04:25:00,0.537148,0.216652
538,4,Fri,23,30,2018-08-31 23:30:00,2018-09-07 23:30:00,2018-09-14 23:30:00,2018-09-21 23:30:00,0.617024,0.452445
539,4,Fri,21,55,2018-08-31 21:55:00,2018-09-07 21:55:00,2018-09-14 21:55:00,2018-09-21 21:55:00,0.587724,0.618976
540,4,Fri,6,00,2018-09-07 06:00:00,2018-09-14 06:00:00,2018-09-21 06:00:00,2018-09-28 06:00:00,0.546287,0.283482
541,4,Fri,3,10,2018-09-07 03:10:00,2018-09-14 03:10:00,2018-09-21 03:10:00,2018-09-28 03:10:00,0.626859,0.234564
542,4,Fri,0,35,2018-09-07 00:35:00,2018-09-14 00:35:00,2018-09-21 00:35:00,2018-09-28 00:35:00,0.640813,0.229483
543,4,Fri,8,40,2018-09-07 08:40:00,2018-09-14 08:40:00,2018-09-21 08:40:00,2018-09-28 08:40:00,0.296831,0.932671
544,4,Fri,5,35,2018-09-07 05:35:00,2018-09-14 05:35:00,2018-09-21 05:35:00,2018-09-28 05:35:00,0.483379,0.239366
545,4,Fri,6,50,2018-09-07 06:50:00,2018-09-14 06:50:00,2018-09-21 06:50:00,2018-09-28 06:50:00,0.318382,0.494781
546,4,Fri,1,20,2018-09-07 01:20:00,2018-09-14 01:20:00,2018-09-21 01:20:00,2018-09-28 01:20:00,0.596636,0.252468
547,4,Fri,21,00,2018-08-31 21:00:00,2018-09-07 21:00:00,2018-09-14 21:00:00,2018-09-21 21:00:00,0.580072,0.667034
548,4,Fri,21,35,2018-08-31 21:35:00,2018-09-07 21:35:00,2018-09-14 21:35:00,2018-09-21 21:35:00,0.604244,0.645717
549,4,Fri,9,05,2018-09-07 09:05:00,2018-09-14 09:05:00,2018-09-21 09:05:00,2018-09-28 09:05:00,0.300475,0.974262
550,4,Fri,20,15,2018-08-31 20:15:00,2018-09-07 20:15:00,2018-09-14 20:15:00,2018-09-21 20:15:00,0.508459,0.836786
551,4,Fri,11,45,2018-09-07 11:45:00,2018-09-14 11:45:00,2018-09-21 11:45:00,2018-09-28 11:45:00,0.259398,0.944667
552,4,Fri,2,30,2018-09-07 02:30:00,2018-09-14 02:30:00,2018-09-21 02:30:00,2018-09-28 02:30:00,0.639817,0.226702
553,4,Fri,10,30,2018-09-07 10:30:00,2018-09-14 10:30:00,2018-09-21 10:30:00,2018-09-28 10:30:00,0.293491,0.978864
554,4,Fri,6,55,2018-09-07 06:55:00,2018-09-14 06:55:00,2018-09-21 06:55:00,2018-09-28 06:55:00,0.348215,0.479862
555,4,Fri,9,40,2018-09-07 09:40:00,2018-09-14 09:40:00,2018-09-21 09:40:00,2018-09-28 09:40:00,0.333661,0.986887
556,4,Fri,6,35,2018-09-07 06:35:00,2018-09-14 06:35:00,2018-09-21 06:35:00,2018-09-28 06:35:00,0.499664,0.439245
557,4,Fri,11,15,2018-09-07 11:15:00,2018-09-14 11:15:00,2018-09-21 11:15:00,2018-09-28 11:15:00,0.289824,0.864206
558,4,Fri,7,35,2018-09-07 07:35:00,2018-09-14 07:35:00,2018-09-21 07:35:00,2018-09-28 07:35:00,0.357984,0.645884
559,4,Fri,11,50,2018-09-07 11:50:00,2018-09-14 11:50:00,2018-09-21 11:50:00,2018-09-28 11:50:00,0.281989,0.978152
560,4,Fri,15,10,2018-09-07 15:10:00,2018-09-14 15:10:00,2018-09-21 15:10:00,2018-09-28 15:10:00,0.354072,0.962873
561,4,Fri,3,15,2018-09-07 03:15:00,2018-09-14 03:15:00,2018-09-21 03:15:00,2018-09-28 03:15:00,0.617459,0.221066
562,4,Fri,17,05,2018-09-07 17:05:00,2018-09-14 17:05:00,2018-09-21 17:05:00,2018-09-28 17:05:00,0.350792,1.017064
563,4,Fri,23,15,2018-08-31 23:15:00,2018-09-07 23:15:00,2018-09-14 23:15:00,2018-09-21 23:15:00,0.587569,0.408350
564,4,Fri,16,55,2018-09-07 16:55:00,2018-09-14 16:55:00,2018-09-21 16:55:00,2018-09-28 16:55:00,0.355319,1.050197
565,4,Fri,21,20,2018-08-31 21:20:00,2018-09-07 21:20:00,2018-09-14 21:20:00,2018-09-21 21:20:00,0.476710,0.583570
566,4,Fri,7,10,2018-09-07 07:10:00,2018-09-14 07:10:00,2018-09-21 07:10:00,2018-09-28 07:10:00,0.463504,0.515491
567,4,Fri,3,55,2018-09-07 03:55:00,2018-09-14 03:55:00,2018-09-21 03:55:00,2018-09-28 03:55:00,0.616660,0.168532
568,4,Fri,4,35,2018-09-07 04:35:00,2018-09-14 04:35:00,2018-09-21 04:35:00,2018-09-28 04:35:00,0.575285,0.183283
569,4,Fri,5,40,2018-09-07 05:40:00,2018-09-14 05:40:00,2018-09-21 05:40:00,2018-09-28 05:40:00,0.511330,0.303651
570,4,Fri,3,30,2018-09-07 03:30:00,2018-09-14 03:30:00,2018-09-21 03:30:00,2018-09-28 03:30:00,0.615795,0.194996
571,4,Fri,18,25,2018-09-07 18:25:00,2018-09-14 18:25:00,2018-09-21 18:25:00,2018-09-28 18:25:00,0.380466,1.040995
572,4,Fri,1,25,2018-09-07 01:25:00,2018-09-14 01:25:00,2018-09-21 01:25:00,2018-09-28 01:25:00,0.656383,0.202038
573,4,Fri,5,20,2018-09-07 05:20:00,2018-09-14 05:20:00,2018-09-21 05:20:00,2018-09-28 05:20:00,0.569329,0.229403
574,4,Fri,14,05,2018-09-07 14:05:00,2018-09-14 14:05:00,2018-09-21 14:05:00,2018-09-28 14:05:00,0.336663,1.018330
575,4,Fri,0,05,2018-09-07 00:05:00,2018-09-14 00:05:00,2018-09-21 00:05:00,2018-09-28 00:05:00,0.670930,0.290736
576,4,Fri,19,25,2018-08-31 19:25:00,2018-09-07 19:25:00,2018-09-14 19:25:00,2018-09-21 19:25:00,0.514792,0.889230
577,4,Fri,9,55,2018-09-07 09:55:00,2018-09-14 09:55:00,2018-09-21 09:55:00,2018-09-28 09:55:00,0.287219,0.994210
578,4,Fri,22,10,2018-08-31 22:10:00,2018-09-07 22:10:00,2018-09-14 22:10:00,2018-09-21 22:10:00,0.636871,0.629376
579,4,Fri,8,25,2018-09-07 08:25:00,2018-09-14 08:25:00,2018-09-21 08:25:00,2018-09-28 08:25:00,0.366698,0.918856
580,4,Fri,3,00,2018-09-07 03:00:00,2018-09-14 03:00:00,2018-09-21 03:00:00,2018-09-28 03:00:00,0.655327,0.231438
581,4,Fri,14,15,2018-09-07 14:15:00,2018-09-14 14:15:00,2018-09-21 14:15:00,2018-09-28 14:15:00,0.385237,0.976748
582,4,Fri,12,05,2018-09-07 12:05:00,2018-09-14 12:05:00,2018-09-21 12:05:00,2018-09-28 12:05:00,0.324275,0.987515
583,4,Fri,14,45,2018-09-07 14:45:00,2018-09-14 14:45:00,2018-09-21 14:45:00,2018-09-28 14:45:00,0.435968,1.006751
584,4,Fri,13,40,2018-09-07 13:40:00,2018-09-14 13:40:00,2018-09-21 13:40:00,2018-09-28 13:40:00,0.332181,0.948229
585,4,Fri,17,30,2018-09-07 17:30:00,2018-09-14 17:30:00,2018-09-21 17:30:00,2018-09-28 17:30:00,0.374839,1.041151
586,4,Fri,11,30,2018-09-07 11:30:00,2018-09-14 11:30:00,2018-09-21 11:30:00,2018-09-28 11:30:00,0.354894,0.976597
587,4,Fri,20,40,2018-08-31 20:40:00,2018-09-07 20:40:00,2018-09-14 20:40:00,2018-09-21 20:40:00,0.526965,0.753450
588,4,Fri,18,50,2018-09-07 18:50:00,2018-09-14 18:50:00,2018-09-21 18:50:00,2018-09-28 18:50:00,0.407771,0.920608
589,4,Fri,22,40,2018-08-31 22:40:00,2018-09-07 22:40:00,2018-09-14 22:40:00,2018-09-21 22:40:00,0.583508,0.587664
590,4,Fri,5,10,2018-09-07 05:10:00,2018-09-14 05:10:00,2018-09-21 05:10:00,2018-09-28 05:10:00,0.556304,0.235671
591,4,Fri,20,45,2018-08-31 20:45:00,2018-09-07 20:45:00,2018-09-14 20:45:00,2018-09-21 20:45:00,0.438579,0.692683
592,4,Fri,14,50,2018-09-07 14:50:00,2018-09-14 14:50:00,2018-09-21 14:50:00,2018-09-28 14:50:00,0.315618,0.977262
593,4,Fri,10,35,2018-09-07 10:35:00,2018-09-14 10:35:00,2018-09-21 10:35:00,2018-09-28 10:35:00,0.339600,0.872790
594,4,Fri,9,20,2018-09-07 09:20:00,2018-09-14 09:20:00,2018-09-21 09:20:00,2018-09-28 09:20:00,0.291556,1.022990
595,4,Fri,7,15,2018-09-07 07:15:00,2018-09-14 07:15:00,2018-09-21 07:15:00,2018-09-28 07:15:00,0.443273,0.565321
596,4,Fri,1,05,2018-09-07 01:05:00,2018-09-14 01:05:00,2018-09-21 01:05:00,2018-09-28 01:05:00,0.619687,0.206431
597,4,Fri,10,20,2018-09-07 10:20:00,2018-09-14 10:20:00,2018-09-21 10:20:00,2018-09-28 10:20:00,0.312338,0.992116
598,4,Fri,8,15,2018-09-07 08:15:00,2018-09-14 08:15:00,2018-09-21 08:15:00,2018-09-28 08:15:00,0.474006,0.759480
599,4,Fri,4,40,2018-09-07 04:40:00,2018-09-14 04:40:00,2018-09-21 04:40:00,2018-09-28 04:40:00,0.574670,0.198444
600,5,Sat,21,40,2018-09-01 21:40:00,2018-09-08 21:40:00,2018-09-15 21:40:00,2018-09-22 21:40:00,0.628399,0.528823
601,5,Sat,9,05,2018-09-01 09:05:00,2018-09-08 09:05:00,2018-09-15 09:05:00,2018-09-22 09:05:00,0.489839,0.632312
602,5,Sat,23,15,2018-09-01 23:15:00,2018-09-08 23:15:00,2018-09-15 23:15:00,2018-09-22 23:15:00,0.671957,0.455158
603,5,Sat,4,30,2018-09-01 04:30:00,2018-09-08 04:30:00,2018-09-15 04:30:00,2018-09-22 04:30:00,0.539658,0.165718
604,5,Sat,22,15,2018-09-01 22:15:00,2018-09-08 22:15:00,2018-09-15 22:15:00,2018-09-22 22:15:00,0.624063,0.518159
605,5,Sat,5,25,2018-09-01 05:25:00,2018-09-08 05:25:00,2018-09-15 05:25:00,2018-09-22 05:25:00,0.686147,0.196621
606,5,Sat,16,20,2018-09-01 16:20:00,2018-09-08 16:20:00,2018-09-15 16:20:00,2018-09-22 16:20:00,0.582037,0.909143
607,5,Sat,23,10,2018-09-01 23:10:00,2018-09-08 23:10:00,2018-09-15 23:10:00,2018-09-22 23:10:00,0.608940,0.448281
608,5,Sat,18,25,2018-09-01 18:25:00,2018-09-08 18:25:00,2018-09-15 18:25:00,2018-09-22 18:25:00,0.575165,0.839528
609,5,Sat,2,40,2018-09-01 02:40:00,2018-09-08 02:40:00,2018-09-15 02:40:00,2018-09-22 02:40:00,0.727742,0.179335
610,5,Sat,14,25,2018-09-01 14:25:00,2018-09-08 14:25:00,2018-09-15 14:25:00,2018-09-22 14:25:00,0.619873,0.930121
611,5,Sat,5,55,2018-09-01 05:55:00,2018-09-08 05:55:00,2018-09-15 05:55:00,2018-09-22 05:55:00,0.649478,0.182845
612,5,Sat,8,05,2018-09-01 08:05:00,2018-09-08 08:05:00,2018-09-15 08:05:00,2018-09-22 08:05:00,0.667726,0.543961
613,5,Sat,2,35,2018-09-01 02:35:00,2018-09-08 02:35:00,2018-09-15 02:35:00,2018-09-22 02:35:00,0.659126,0.171277
614,5,Sat,14,50,2018-09-01 14:50:00,2018-09-08 14:50:00,2018-09-15 14:50:00,2018-09-22 14:50:00,0.509441,1.002422
615,5,Sat,10,35,2018-09-01 10:35:00,2018-09-08 10:35:00,2018-09-15 10:35:00,2018-09-22 10:35:00,0.496404,0.805381
616,5,Sat,12,35,2018-09-01 12:35:00,2018-09-08 12:35:00,2018-09-15 12:35:00,2018-09-22 12:35:00,0.444230,0.875944
617,5,Sat,23,00,2018-09-01 23:00:00,2018-09-08 23:00:00,2018-09-15 23:00:00,2018-09-22 23:00:00,0.587425,0.444869
618,5,Sat,16,10,2018-09-01 16:10:00,2018-09-08 16:10:00,2018-09-15 16:10:00,2018-09-22 16:10:00,0.427438,0.763788
619,5,Sat,8,10,2018-09-01 08:10:00,2018-09-08 08:10:00,2018-09-15 08:10:00,2018-09-22 08:10:00,0.618977,0.559275
620,5,Sat,21,10,2018-09-01 21:10:00,2018-09-08 21:10:00,2018-09-15 21:10:00,2018-09-22 21:10:00,0.606323,0.591600
621,5,Sat,10,10,2018-09-01 10:10:00,2018-09-08 10:10:00,2018-09-15 10:10:00,2018-09-22 10:10:00,0.490466,0.734042
622,5,Sat,16,35,2018-09-01 16:35:00,2018-09-08 16:35:00,2018-09-15 16:35:00,2018-09-22 16:35:00,0.523283,0.862043
623,5,Sat,22,00,2018-09-01 22:00:00,2018-09-08 22:00:00,2018-09-15 22:00:00,2018-09-22 22:00:00,0.670846,0.554843
624,5,Sat,23,05,2018-09-01 23:05:00,2018-09-08 23:05:00,2018-09-15 23:05:00,2018-09-22 23:05:00,0.607536,0.431711
625,5,Sat,6,30,2018-09-01 06:30:00,2018-09-08 06:30:00,2018-09-15 06:30:00,2018-09-22 06:30:00,0.568010,0.230755
626,5,Sat,10,40,2018-09-01 10:40:00,2018-09-08 10:40:00,2018-09-15 10:40:00,2018-09-22 10:40:00,0.515909,0.881721
627,5,Sat,1,25,2018-09-01 01:25:00,2018-09-08 01:25:00,2018-09-15 01:25:00,2018-09-22 01:25:00,0.670857,0.248083
628,5,Sat,17,05,2018-09-01 17:05:00,2018-09-08 17:05:00,2018-09-15 17:05:00,2018-09-22 17:05:00,0.556884,0.828711
629,5,Sat,11,30,2018-09-01 11:30:00,2018-09-08 11:30:00,2018-09-15 11:30:00,2018-09-22 11:30:00,0.532464,0.930216
630,5,Sat,16,45,2018-09-01 16:45:00,2018-09-08 16:45:00,2018-09-15 16:45:00,2018-09-22 16:45:00,0.467151,0.886343
631,5,Sat,1,55,2018-09-01 01:55:00,2018-09-08 01:55:00,2018-09-15 01:55:00,2018-09-22 01:55:00,0.681905,0.190516
632,5,Sat,14,35,2018-09-01 14:35:00,2018-09-08 14:35:00,2018-09-15 14:35:00,2018-09-22 14:35:00,0.690594,1.027311
633,5,Sat,2,55,2018-09-01 02:55:00,2018-09-08 02:55:00,2018-09-15 02:55:00,2018-09-22 02:55:00,0.642630,0.165490
634,5,Sat,15,25,2018-09-01 15:25:00,2018-09-08 15:25:00,2018-09-15 15:25:00,2018-09-22 15:25:00,0.539163,0.932481
635,5,Sat,20,40,2018-09-01 20:40:00,2018-09-08 20:40:00,2018-09-15 20:40:00,2018-09-22 20:40:00,0.582240,0.646087
636,5,Sat,18,20,2018-09-01 18:20:00,2018-09-08 18:20:00,2018-09-15 18:20:00,2018-09-22 18:20:00,0.556837,0.768810
637,5,Sat,20,55,2018-09-01 20:55:00,2018-09-08 20:55:00,2018-09-15 20:55:00,2018-09-22 20:55:00,0.567815,0.648310
638,5,Sat,3,35,2018-09-01 03:35:00,2018-09-08 03:35:00,2018-09-15 03:35:00,2018-09-22 03:35:00,0.712634,0.165591
639,5,Sat,17,50,2018-09-01 17:50:00,2018-09-08 17:50:00,2018-09-15 17:50:00,2018-09-22 17:50:00,0.507782,0.816389
640,5,Sat,13,30,2018-09-01 13:30:00,2018-09-08 13:30:00,2018-09-15 13:30:00,2018-09-22 13:30:00,0.453496,0.806921
641,5,Sat,8,55,2018-09-01 08:55:00,2018-09-08 08:55:00,2018-09-15 08:55:00,2018-09-22 08:55:00,0.550841,0.734114
642,5,Sat,6,00,2018-09-01 06:00:00,2018-09-08 06:00:00,2018-09-15 06:00:00,2018-09-22 06:00:00,0.687497,0.290824
643,5,Sat,4,25,2018-09-01 04:25:00,2018-09-08 04:25:00,2018-09-15 04:25:00,2018-09-22 04:25:00,0.669153,0.191672
644,5,Sat,16,55,2018-09-01 16:55:00,2018-09-08 16:55:00,2018-09-15 16:55:00,2018-09-22 16:55:00,0.565941,0.908753
645,5,Sat,0,35,2018-09-01 00:35:00,2018-09-08 00:35:00,2018-09-15 00:35:00,2018-09-22 00:35:00,0.633097,0.311807
646,5,Sat,16,25,2018-09-01 16:25:00,2018-09-08 16:25:00,2018-09-15 16:25:00,2018-09-22 16:25:00,0.569506,0.911216
647,5,Sat,14,30,2018-09-01 14:30:00,2018-09-08 14:30:00,2018-09-15 14:30:00,2018-09-22 14:30:00,0.628364,0.946025
648,5,Sat,0,45,2018-09-01 00:45:00,2018-09-08 00:45:00,2018-09-15 00:45:00,2018-09-22 00:45:00,0.680956,0.324830
649,5,Sat,19,10,2018-09-01 19:10:00,2018-09-08 19:10:00,2018-09-15 19:10:00,2018-09-22 19:10:00,0.441262,0.816549
650,5,Sat,9,20,2018-09-01 09:20:00,2018-09-08 09:20:00,2018-09-15 09:20:00,2018-09-22 09:20:00,0.619844,0.741633
651,5,Sat,22,10,2018-09-01 22:10:00,2018-09-08 22:10:00,2018-09-15 22:10:00,2018-09-22 22:10:00,0.714860,0.533235
652,5,Sat,7,05,2018-09-01 07:05:00,2018-09-08 07:05:00,2018-09-15 07:05:00,2018-09-22 07:05:00,0.628369,0.278985
653,5,Sat,3,15,2018-09-01 03:15:00,2018-09-08 03:15:00,2018-09-15 03:15:00,2018-09-22 03:15:00,0.760523,0.175289
654,5,Sat,6,20,2018-09-01 06:20:00,2018-09-08 06:20:00,2018-09-15 06:20:00,2018-09-22 06:20:00,0.633497,0.262023
655,5,Sat,22,40,2018-09-01 22:40:00,2018-09-08 22:40:00,2018-09-15 22:40:00,2018-09-22 22:40:00,0.602165,0.512535
656,5,Sat,15,45,2018-09-01 15:45:00,2018-09-08 15:45:00,2018-09-15 15:45:00,2018-09-22 15:45:00,0.571526,0.775835
657,5,Sat,1,35,2018-09-01 01:35:00,2018-09-08 01:35:00,2018-09-15 01:35:00,2018-09-22 01:35:00,0.696955,0.299763
658,5,Sat,17,20,2018-09-01 17:20:00,2018-09-08 17:20:00,2018-09-15 17:20:00,2018-09-22 17:20:00,0.497445,0.764412
659,5,Sat,21,30,2018-09-01 21:30:00,2018-09-08 21:30:00,2018-09-15 21:30:00,2018-09-22 21:30:00,0.767182,0.571917
660,5,Sat,11,35,2018-09-01 11:35:00,2018-09-08 11:35:00,2018-09-15 11:35:00,2018-09-22 11:35:00,0.565219,0.993049
661,5,Sat,3,50,2018-09-01 03:50:00,2018-09-08 03:50:00,2018-09-15 03:50:00,2018-09-22 03:50:00,0.677135,0.227620
662,5,Sat,10,00,2018-09-01 10:00:00,2018-09-08 10:00:00,2018-09-15 10:00:00,2018-09-22 10:00:00,0.496694,0.697095
663,5,Sat,20,30,2018-09-01 20:30:00,2018-09-08 20:30:00,2018-09-15 20:30:00,2018-09-22 20:30:00,0.667828,0.638618
664,5,Sat,20,15,2018-09-01 20:15:00,2018-09-08 20:15:00,2018-09-15 20:15:00,2018-09-22 20:15:00,0.555257,0.695332
665,5,Sat,9,45,2018-09-01 09:45:00,2018-09-08 09:45:00,2018-09-15 09:45:00,2018-09-22 09:45:00,0.423244,0.720588
666,5,Sat,19,50,2018-09-01 19:50:00,2018-09-08 19:50:00,2018-09-15 19:50:00,2018-09-22 19:50:00,0.648599,0.698246
667,5,Sat,11,45,2018-09-01 11:45:00,2018-09-08 11:45:00,2018-09-15 11:45:00,2018-09-22 11:45:00,0.593743,1.004010
668,5,Sat,9,50,2018-09-01 09:50:00,2018-09-08 09:50:00,2018-09-15 09:50:00,2018-09-22 09:50:00,0.536163,0.748927
669,5,Sat,9,40,2018-09-01 09:40:00,2018-09-08 09:40:00,2018-09-15 09:40:00,2018-09-22 09:40:00,0.500521,0.762758
670,5,Sat,23,35,2018-09-01 23:35:00,2018-09-08 23:35:00,2018-09-15 23:35:00,2018-09-22 23:35:00,0.640291,0.451876
671,5,Sat,8,15,2018-09-01 08:15:00,2018-09-08 08:15:00,2018-09-15 08:15:00,2018-09-22 08:15:00,0.571760,0.612793
672,5,Sat,4,05,2018-09-01 04:05:00,2018-09-08 04:05:00,2018-09-15 04:05:00,2018-09-22 04:05:00,0.695111,0.163904
673,5,Sat,13,50,2018-09-01 13:50:00,2018-09-08 13:50:00,2018-09-15 13:50:00,2018-09-22 13:50:00,0.427777,0.817243
674,5,Sat,3,25,2018-09-01 03:25:00,2018-09-08 03:25:00,2018-09-15 03:25:00,2018-09-22 03:25:00,0.801637,0.194833
675,5,Sat,19,00,2018-09-01 19:00:00,2018-09-08 19:00:00,2018-09-15 19:00:00,2018-09-22 19:00:00,0.465680,0.789228
676,5,Sat,2,05,2018-09-01 02:05:00,2018-09-08 02:05:00,2018-09-15 02:05:00,2018-09-22 02:05:00,0.689698,0.186396
677,5,Sat,2,30,2018-09-01 02:30:00,2018-09-08 02:30:00,2018-09-15 02:30:00,2018-09-22 02:30:00,0.597604,0.225534
678,5,Sat,19,55,2018-09-01 19:55:00,2018-09-08 19:55:00,2018-09-15 19:55:00,2018-09-22 19:55:00,0.633237,0.752170
679,5,Sat,1,45,2018-09-01 01:45:00,2018-09-08 01:45:00,2018-09-15 01:45:00,2018-09-22 01:45:00,0.746471,0.223133
680,5,Sat,0,05,2018-09-01 00:05:00,2018-09-08 00:05:00,2018-09-15 00:05:00,2018-09-22 00:05:00,0.568822,0.399173
681,5,Sat,18,10,2018-09-01 18:10:00,2018-09-08 18:10:00,2018-09-15 18:10:00,2018-09-22 18:10:00,0.551625,0.731562
682,5,Sat,9,15,2018-09-01 09:15:00,2018-09-08 09:15:00,2018-09-15 09:15:00,2018-09-22 09:15:00,0.567935,0.663778
683,5,Sat,15,30,2018-09-01 15:30:00,2018-09-08 15:30:00,2018-09-15 15:30:00,2018-09-22 15:30:00,0.510852,0.818159
684,5,Sat,20,10,2018-09-01 20:10:00,2018-09-08 20:10:00,2018-09-15 20:10:00,2018-09-22 20:10:00,0.591620,0.711151
685,5,Sat,13,40,2018-09-01 13:40:00,2018-09-08 13:40:00,2018-09-15 13:40:00,2018-09-22 13:40:00,0.459826,0.925743
686,5,Sat,19,35,2018-09-01 19:35:00,2018-09-08 19:35:00,2018-09-15 19:35:00,2018-09-22 19:35:00,0.552769,0.807532
687,5,Sat,5,30,2018-09-01 05:30:00,2018-09-08 05:30:00,2018-09-15 05:30:00,2018-09-22 05:30:00,0.657795,0.170182
688,5,Sat,7,15,2018-09-01 07:15:00,2018-09-08 07:15:00,2018-09-15 07:15:00,2018-09-22 07:15:00,0.601937,0.309297
689,5,Sat,9,30,2018-09-01 09:30:00,2018-09-08 09:30:00,2018-09-15 09:30:00,2018-09-22 09:30:00,0.582925,0.643433
690,5,Sat,22,35,2018-09-01 22:35:00,2018-09-08 22:35:00,2018-09-15 22:35:00,2018-09-22 22:35:00,0.609238,0.492543
691,5,Sat,5,50,2018-09-01 05:50:00,2018-09-08 05:50:00,2018-09-15 05:50:00,2018-09-22 05:50:00,0.683922,0.218450
692,5,Sat,23,25,2018-09-01 23:25:00,2018-09-08 23:25:00,2018-09-15 23:25:00,2018-09-22 23:25:00,0.704233,0.382745
693,5,Sat,14,15,2018-09-01 14:15:00,2018-09-08 14:15:00,2018-09-15 14:15:00,2018-09-22 14:15:00,0.555761,0.961149
694,5,Sat,10,20,2018-09-01 10:20:00,2018-09-08 10:20:00,2018-09-15 10:20:00,2018-09-22 10:20:00,0.513534,0.743578
695,5,Sat,9,55,2018-09-01 09:55:00,2018-09-08 09:55:00,2018-09-15 09:55:00,2018-09-22 09:55:00,0.582648,0.700612
696,5,Sat,8,40,2018-09-01 08:40:00,2018-09-08 08:40:00,2018-09-15 08:40:00,2018-09-22 08:40:00,0.618056,0.686175
697,5,Sat,7,20,2018-09-01 07:20:00,2018-09-08 07:20:00,2018-09-15 07:20:00,2018-09-22 07:20:00,0.643480,0.286945
698,5,Sat,10,15,2018-09-01 10:15:00,2018-09-08 10:15:00,2018-09-15 10:15:00,2018-09-22 10:15:00,0.474220,0.714560
699,5,Sat,15,00,2018-09-01 15:00:00,2018-09-08 15:00:00,2018-09-15 15:00:00,2018-09-22 15:00:00,0.539561,0.868441
700,5,Sat,12,10,2018-09-01 12:10:00,2018-09-08 12:10:00,2018-09-15 12:10:00,2018-09-22 12:10:00,0.549102,0.949110
701,5,Sat,0,20,2018-09-01 00:20:00,2018-09-08 00:20:00,2018-09-15 00:20:00,2018-09-22 00:20:00,0.532770,0.370353
702,5,Sat,21,55,2018-09-01 21:55:00,2018-09-08 21:55:00,2018-09-15 21:55:00,2018-09-22 21:55:00,0.725235,0.479872
703,5,Sat,2,25,2018-09-01 02:25:00,2018-09-08 02:25:00,2018-09-15 02:25:00,2018-09-22 02:25:00,0.664019,0.208430
704,5,Sat,16,30,2018-09-01 16:30:00,2018-09-08 16:30:00,2018-09-15 16:30:00,2018-09-22 16:30:00,0.454553,0.724792
705,5,Sat,17,30,2018-09-01 17:30:00,2018-09-08 17:30:00,2018-09-15 17:30:00,2018-09-22 17:30:00,0.570678,0.794990
706,5,Sat,2,20,2018-09-01 02:20:00,2018-09-08 02:20:00,2018-09-15 02:20:00,2018-09-22 02:20:00,0.674896,0.171433
707,5,Sat,1,50,2018-09-01 01:50:00,2018-09-08 01:50:00,2018-09-15 01:50:00,2018-09-22 01:50:00,0.615650,0.174187
708,5,Sat,15,10,2018-09-01 15:10:00,2018-09-08 15:10:00,2018-09-15 15:10:00,2018-09-22 15:10:00,0.508721,0.911508
709,5,Sat,6,55,2018-09-01 06:55:00,2018-09-08 06:55:00,2018-09-15 06:55:00,2018-09-22 06:55:00,0.719792,0.371325
710,5,Sat,19,30,2018-09-01 19:30:00,2018-09-08 19:30:00,2018-09-15 19:30:00,2018-09-22 19:30:00,0.564441,0.730773
711,5,Sat,0,50,2018-09-01 00:50:00,2018-09-08 00:50:00,2018-09-15 00:50:00,2018-09-22 00:50:00,0.707117,0.335163
712,5,Sat,4,55,2018-09-01 04:55:00,2018-09-08 04:55:00,2018-09-15 04:55:00,2018-09-22 04:55:00,0.656190,0.173656
713,5,Sat,19,45,2018-09-01 19:45:00,2018-09-08 19:45:00,2018-09-15 19:45:00,2018-09-22 19:45:00,0.591306,0.778447
714,5,Sat,4,35,2018-09-01 04:35:00,2018-09-08 04:35:00,2018-09-15 04:35:00,2018-09-22 04:35:00,0.635694,0.178793
715,5,Sat,9,00,2018-09-01 09:00:00,2018-09-08 09:00:00,2018-09-15 09:00:00,2018-09-22 09:00:00,0.534007,0.650523
716,5,Sat,4,00,2018-09-01 04:00:00,2018-09-08 04:00:00,2018-09-15 04:00:00,2018-09-22 04:00:00,0.778149,0.245400
717,5,Sat,12,50,2018-09-01 12:50:00,2018-09-08 12:50:00,2018-09-15 12:50:00,2018-09-22 12:50:00,0.495341,0.833374
718,5,Sat,5,40,2018-09-01 05:40:00,2018-09-08 05:40:00,2018-09-15 05:40:00,2018-09-22 05:40:00,0.730980,0.248707
719,5,Sat,21,15,2018-09-01 21:15:00,2018-09-08 21:15:00,2018-09-15 21:15:00,2018-09-22 21:15:00,0.600564,0.555946
720,6,Sun,18,50,2018-09-02 18:50:00,2018-09-09 18:50:00,2018-09-16 18:50:00,2018-09-23 18:50:00,0.483745,0.570358
721,6,Sun,5,45,2018-09-02 05:45:00,2018-09-09 05:45:00,2018-09-16 05:45:00,2018-09-23 05:45:00,0.746082,0.137296
722,6,Sun,0,25,2018-09-02 00:25:00,2018-09-09 00:25:00,2018-09-16 00:25:00,2018-09-23 00:25:00,0.730823,0.341277
723,6,Sun,18,30,2018-09-02 18:30:00,2018-09-09 18:30:00,2018-09-16 18:30:00,2018-09-23 18:30:00,0.648314,0.522910
724,6,Sun,14,35,2018-09-02 14:35:00,2018-09-09 14:35:00,2018-09-16 14:35:00,2018-09-23 14:35:00,0.579731,0.643304
725,6,Sun,23,45,2018-09-02 23:45:00,2018-09-09 23:45:00,2018-09-16 23:45:00,2018-09-23 23:45:00,0.768108,0.310820
726,6,Sun,20,20,2018-09-02 20:20:00,2018-09-09 20:20:00,2018-09-16 20:20:00,2018-09-23 20:20:00,0.687928,0.441899
727,6,Sun,1,35,2018-09-02 01:35:00,2018-09-09 01:35:00,2018-09-16 01:35:00,2018-09-23 01:35:00,0.716405,0.239565
728,6,Sun,1,10,2018-09-02 01:10:00,2018-09-09 01:10:00,2018-09-16 01:10:00,2018-09-23 01:10:00,0.777310,0.398458
729,6,Sun,19,20,2018-09-02 19:20:00,2018-09-09 19:20:00,2018-09-16 19:20:00,2018-09-23 19:20:00,0.467973,0.588091
730,6,Sun,11,30,2018-09-02 11:30:00,2018-09-09 11:30:00,2018-09-16 11:30:00,2018-09-23 11:30:00,0.563943,0.588283
731,6,Sun,23,05,2018-09-02 23:05:00,2018-09-09 23:05:00,2018-09-16 23:05:00,2018-09-23 23:05:00,0.718696,0.335521
732,6,Sun,10,50,2018-09-02 10:50:00,2018-09-09 10:50:00,2018-09-16 10:50:00,2018-09-23 10:50:00,0.671848,0.578297
733,6,Sun,10,15,2018-09-02 10:15:00,2018-09-09 10:15:00,2018-09-16 10:15:00,2018-09-23 10:15:00,0.451288,0.411286
734,6,Sun,2,55,2018-09-02 02:55:00,2018-09-09 02:55:00,2018-09-16 02:55:00,2018-09-23 02:55:00,0.746182,0.144006
735,6,Sun,8,50,2018-09-02 08:50:00,2018-09-09 08:50:00,2018-09-16 08:50:00,2018-09-23 08:50:00,0.443078,0.281528
736,6,Sun,19,50,2018-09-02 19:50:00,2018-09-09 19:50:00,2018-09-16 19:50:00,2018-09-23 19:50:00,0.579058,0.607327
737,6,Sun,7,00,2018-09-02 07:00:00,2018-09-09 07:00:00,2018-09-16 07:00:00,2018-09-23 07:00:00,0.574227,0.162981
738,6,Sun,19,15,2018-09-02 19:15:00,2018-09-09 19:15:00,2018-09-16 19:15:00,2018-09-23 19:15:00,0.493049,0.650811
739,6,Sun,0,45,2018-09-02 00:45:00,2018-09-09 00:45:00,2018-09-16 00:45:00,2018-09-23 00:45:00,0.725551,0.385337
740,6,Sun,21,55,2018-09-02 21:55:00,2018-09-09 21:55:00,2018-09-16 21:55:00,2018-09-23 21:55:00,0.695468,0.403612
741,6,Sun,8,20,2018-09-02 08:20:00,2018-09-09 08:20:00,2018-09-16 08:20:00,2018-09-23 08:20:00,0.625149,0.234585
742,6,Sun,11,10,2018-09-02 11:10:00,2018-09-09 11:10:00,2018-09-16 11:10:00,2018-09-23 11:10:00,0.484222,0.615130
743,6,Sun,19,00,2018-09-02 19:00:00,2018-09-09 19:00:00,2018-09-16 19:00:00,2018-09-23 19:00:00,0.374361,0.530435
744,6,Sun,5,20,2018-09-02 05:20:00,2018-09-09 05:20:00,2018-09-16 05:20:00,2018-09-23 05:20:00,0.617352,0.106705
745,6,Sun,19,55,2018-09-02 19:55:00,2018-09-09 19:55:00,2018-09-16 19:55:00,2018-09-23 19:55:00,0.633433,0.568288
746,6,Sun,20,05,2018-09-02 20:05:00,2018-09-09 20:05:00,2018-09-16 20:05:00,2018-09-23 20:05:00,0.711545,0.559255
747,6,Sun,23,30,2018-09-02 23:30:00,2018-09-09 23:30:00,2018-09-16 23:30:00,2018-09-23 23:30:00,0.591525,0.329983
748,6,Sun,22,35,2018-09-02 22:35:00,2018-09-09 22:35:00,2018-09-16 22:35:00,2018-09-23 22:35:00,0.687221,0.371166
749,6,Sun,4,45,2018-09-02 04:45:00,2018-09-09 04:45:00,2018-09-16 04:45:00,2018-09-23 04:45:00,0.700366,0.126843
750,6,Sun,6,30,2018-09-02 06:30:00,2018-09-09 06:30:00,2018-09-16 06:30:00,2018-09-23 06:30:00,0.611752,0.175190
751,6,Sun,10,00,2018-09-02 10:00:00,2018-09-09 10:00:00,2018-09-16 10:00:00,2018-09-23 10:00:00,0.550873,0.396620
752,6,Sun,12,10,2018-09-02 12:10:00,2018-09-09 12:10:00,2018-09-16 12:10:00,2018-09-23 12:10:00,0.603158,0.561611
753,6,Sun,20,30,2018-09-02 20:30:00,2018-09-09 20:30:00,2018-09-16 20:30:00,2018-09-23 20:30:00,0.612364,0.581372
754,6,Sun,18,15,2018-09-02 18:15:00,2018-09-09 18:15:00,2018-09-16 18:15:00,2018-09-23 18:15:00,0.586449,0.729550
755,6,Sun,1,25,2018-09-02 01:25:00,2018-09-09 01:25:00,2018-09-16 01:25:00,2018-09-23 01:25:00,0.694291,0.296756
756,6,Sun,1,20,2018-09-02 01:20:00,2018-09-09 01:20:00,2018-09-16 01:20:00,2018-09-23 01:20:00,0.729657,0.253773
757,6,Sun,13,15,2018-09-02 13:15:00,2018-09-09 13:15:00,2018-09-16 13:15:00,2018-09-23 13:15:00,0.563163,0.688219
758,6,Sun,17,55,2018-09-02 17:55:00,2018-09-09 17:55:00,2018-09-16 17:55:00,2018-09-23 17:55:00,0.656088,0.732295
759,6,Sun,13,35,2018-09-02 13:35:00,2018-09-09 13:35:00,2018-09-16 13:35:00,2018-09-23 13:35:00,0.492969,0.603884
760,6,Sun,0,35,2018-09-02 00:35:00,2018-09-09 00:35:00,2018-09-16 00:35:00,2018-09-23 00:35:00,0.746163,0.351304
761,6,Sun,7,45,2018-09-02 07:45:00,2018-09-09 07:45:00,2018-09-16 07:45:00,2018-09-23 07:45:00,0.704456,0.261682
762,6,Sun,21,00,2018-09-02 21:00:00,2018-09-09 21:00:00,2018-09-16 21:00:00,2018-09-23 21:00:00,0.636001,0.516088
763,6,Sun,0,55,2018-09-02 00:55:00,2018-09-09 00:55:00,2018-09-16 00:55:00,2018-09-23 00:55:00,0.724566,0.380137
764,6,Sun,15,05,2018-09-02 15:05:00,2018-09-09 15:05:00,2018-09-16 15:05:00,2018-09-23 15:05:00,0.503333,0.621738
765,6,Sun,6,35,2018-09-02 06:35:00,2018-09-09 06:35:00,2018-09-16 06:35:00,2018-09-23 06:35:00,0.621166,0.178793
766,6,Sun,13,00,2018-09-02 13:00:00,2018-09-09 13:00:00,2018-09-16 13:00:00,2018-09-23 13:00:00,0.506883,0.588807
767,6,Sun,20,45,2018-09-02 20:45:00,2018-09-09 20:45:00,2018-09-16 20:45:00,2018-09-23 20:45:00,0.629875,0.524544
768,6,Sun,12,30,2018-09-02 12:30:00,2018-09-09 12:30:00,2018-09-16 12:30:00,2018-09-23 12:30:00,0.578380,0.591500
769,6,Sun,1,45,2018-09-02 01:45:00,2018-09-09 01:45:00,2018-09-16 01:45:00,2018-09-23 01:45:00,0.725946,0.162980
770,6,Sun,18,20,2018-09-02 18:20:00,2018-09-09 18:20:00,2018-09-16 18:20:00,2018-09-23 18:20:00,0.543777,0.639428
771,6,Sun,19,40,2018-09-02 19:40:00,2018-09-09 19:40:00,2018-09-16 19:40:00,2018-09-23 19:40:00,0.618126,0.609975
772,6,Sun,15,15,2018-09-02 15:15:00,2018-09-09 15:15:00,2018-09-16 15:15:00,2018-09-23 15:15:00,0.483765,0.601809
773,6,Sun,8,45,2018-09-02 08:45:00,2018-09-09 08:45:00,2018-09-16 08:45:00,2018-09-23 08:45:00,0.540955,0.269809
774,6,Sun,9,25,2018-09-02 09:25:00,2018-09-09 09:25:00,2018-09-16 09:25:00,2018-09-23 09:25:00,0.583704,0.439473
775,6,Sun,13,55,2018-09-02 13:55:00,2018-09-09 13:55:00,2018-09-16 13:55:00,2018-09-23 13:55:00,0.437909,0.679086
776,6,Sun,2,30,2018-09-02 02:30:00,2018-09-09 02:30:00,2018-09-16 02:30:00,2018-09-23 02:30:00,0.831361,0.161429
777,6,Sun,3,45,2018-09-02 03:45:00,2018-09-09 03:45:00,2018-09-16 03:45:00,2018-09-23 03:45:00,0.713446,0.111762
778,6,Sun,11,50,2018-09-02 11:50:00,2018-09-09 11:50:00,2018-09-16 11:50:00,2018-09-23 11:50:00,0.500157,0.581549
779,6,Sun,2,50,2018-09-02 02:50:00,2018-09-09 02:50:00,2018-09-16 02:50:00,2018-09-23 02:50:00,0.739067,0.178747
780,6,Sun,21,40,2018-09-02 21:40:00,2018-09-09 21:40:00,2018-09-16 21:40:00,2018-09-23 21:40:00,0.631662,0.454540
781,6,Sun,3,00,2018-09-02 03:00:00,2018-09-09 03:00:00,2018-09-16 03:00:00,2018-09-23 03:00:00,0.709695,0.135941
782,6,Sun,6,45,2018-09-02 06:45:00,2018-09-09 06:45:00,2018-09-16 06:45:00,2018-09-23 06:45:00,0.702902,0.158102
783,6,Sun,20,25,2018-09-02 20:25:00,2018-09-09 20:25:00,2018-09-16 20:25:00,2018-09-23 20:25:00,0.647404,0.495318
784,6,Sun,3,40,2018-09-02 03:40:00,2018-09-09 03:40:00,2018-09-16 03:40:00,2018-09-23 03:40:00,0.758991,0.095979
785,6,Sun,2,05,2018-09-02 02:05:00,2018-09-09 02:05:00,2018-09-16 02:05:00,2018-09-23 02:05:00,0.719611,0.179615
786,6,Sun,8,40,2018-09-02 08:40:00,2018-09-09 08:40:00,2018-09-16 08:40:00,2018-09-23 08:40:00,0.486104,0.281855
787,6,Sun,17,10,2018-09-02 17:10:00,2018-09-09 17:10:00,2018-09-16 17:10:00,2018-09-23 17:10:00,0.553709,0.664122
788,6,Sun,8,00,2018-09-02 08:00:00,2018-09-09 08:00:00,2018-09-16 08:00:00,2018-09-23 08:00:00,0.598243,0.243186
789,6,Sun,0,20,2018-09-02 00:20:00,2018-09-09 00:20:00,2018-09-16 00:20:00,2018-09-23 00:20:00,0.639797,0.332017
790,6,Sun,1,05,2018-09-02 01:05:00,2018-09-09 01:05:00,2018-09-16 01:05:00,2018-09-23 01:05:00,0.805303,0.407541
791,6,Sun,5,10,2018-09-02 05:10:00,2018-09-09 05:10:00,2018-09-16 05:10:00,2018-09-23 05:10:00,0.767665,0.110154
792,6,Sun,14,00,2018-09-02 14:00:00,2018-09-09 14:00:00,2018-09-16 14:00:00,2018-09-23 14:00:00,0.568928,0.694903
793,6,Sun,0,05,2018-09-02 00:05:00,2018-09-09 00:05:00,2018-09-16 00:05:00,2018-09-23 00:05:00,0.671956,0.353494
794,6,Sun,13,05,2018-09-02 13:05:00,2018-09-09 13:05:00,2018-09-16 13:05:00,2018-09-23 13:05:00,0.545586,0.686227
795,6,Sun,21,15,2018-09-02 21:15:00,2018-09-09 21:15:00,2018-09-16 21:15:00,2018-09-23 21:15:00,0.670718,0.460755
796,6,Sun,12,45,2018-09-02 12:45:00,2018-09-09 12:45:00,2018-09-16 12:45:00,2018-09-23 12:45:00,0.566869,0.639798
797,6,Sun,11,25,2018-09-02 11:25:00,2018-09-09 11:25:00,2018-09-16 11:25:00,2018-09-23 11:25:00,0.576020,0.557972
798,6,Sun,20,40,2018-09-02 20:40:00,2018-09-09 20:40:00,2018-09-16 20:40:00,2018-09-23 20:40:00,0.676373,0.519436
799,6,Sun,9,55,2018-09-02 09:55:00,2018-09-09 09:55:00,2018-09-16 09:55:00,2018-09-23 09:55:00,0.482348,0.413005
800,6,Sun,5,05,2018-09-02 05:05:00,2018-09-09 05:05:00,2018-09-16 05:05:00,2018-09-23 05:05:00,0.715399,0.129653
801,6,Sun,19,45,2018-09-02 19:45:00,2018-09-09 19:45:00,2018-09-16 19:45:00,2018-09-23 19:45:00,0.622561,0.599850
802,6,Sun,10,20,2018-09-02 10:20:00,2018-09-09 10:20:00,2018-09-16 10:20:00,2018-09-23 10:20:00,0.583836,0.441117
803,6,Sun,19,05,2018-09-02 19:05:00,2018-09-09 19:05:00,2018-09-16 19:05:00,2018-09-23 19:05:00,0.462514,0.621462
804,6,Sun,7,30,2018-09-02 07:30:00,2018-09-09 07:30:00,2018-09-16 07:30:00,2018-09-23 07:30:00,0.616795,0.225072
805,6,Sun,10,05,2018-09-02 10:05:00,2018-09-09 10:05:00,2018-09-16 10:05:00,2018-09-23 10:05:00,0.642324,0.437928
806,6,Sun,19,30,2018-09-02 19:30:00,2018-09-09 19:30:00,2018-09-16 19:30:00,2018-09-23 19:30:00,0.685446,0.548895
807,6,Sun,16,40,2018-09-02 16:40:00,2018-09-09 16:40:00,2018-09-16 16:40:00,2018-09-23 16:40:00,0.531581,0.665302
808,6,Sun,1,00,2018-09-02 01:00:00,2018-09-09 01:00:00,2018-09-16 01:00:00,2018-09-23 01:00:00,0.737280,0.447881
809,6,Sun,18,05,2018-09-02 18:05:00,2018-09-09 18:05:00,2018-09-16 18:05:00,2018-09-23 18:05:00,0.580327,0.641525
810,6,Sun,6,40,2018-09-02 06:40:00,2018-09-09 06:40:00,2018-09-16 06:40:00,2018-09-23 06:40:00,0.687029,0.144804
811,6,Sun,2,45,2018-09-02 02:45:00,2018-09-09 02:45:00,2018-09-16 02:45:00,2018-09-23 02:45:00,0.766620,0.199849
812,6,Sun,22,20,2018-09-02 22:20:00,2018-09-09 22:20:00,2018-09-16 22:20:00,2018-09-23 22:20:00,0.619229,0.367932
813,6,Sun,15,25,2018-09-02 15:25:00,2018-09-09 15:25:00,2018-09-16 15:25:00,2018-09-23 15:25:00,0.509123,0.606297
814,6,Sun,4,50,2018-09-02 04:50:00,2018-09-09 04:50:00,2018-09-16 04:50:00,2018-09-23 04:50:00,0.709446,0.150113
815,6,Sun,22,45,2018-09-02 22:45:00,2018-09-09 22:45:00,2018-09-16 22:45:00,2018-09-23 22:45:00,0.702741,0.293721
816,6,Sun,11,00,2018-09-02 11:00:00,2018-09-09 11:00:00,2018-09-16 11:00:00,2018-09-23 11:00:00,0.566864,0.552902
817,6,Sun,1,55,2018-09-02 01:55:00,2018-09-09 01:55:00,2018-09-16 01:55:00,2018-09-23 01:55:00,0.820880,0.186191
818,6,Sun,7,10,2018-09-02 07:10:00,2018-09-09 07:10:00,2018-09-16 07:10:00,2018-09-23 07:10:00,0.635791,0.157822
819,6,Sun,8,55,2018-09-02 08:55:00,2018-09-09 08:55:00,2018-09-16 08:55:00,2018-09-23 08:55:00,0.428101,0.291207
820,6,Sun,6,10,2018-09-02 06:10:00,2018-09-09 06:10:00,2018-09-16 06:10:00,2018-09-23 06:10:00,0.738737,0.145822
821,6,Sun,9,30,2018-09-02 09:30:00,2018-09-09 09:30:00,2018-09-16 09:30:00,2018-09-23 09:30:00,0.489665,0.445591
822,6,Sun,22,10,2018-09-02 22:10:00,2018-09-09 22:10:00,2018-09-16 22:10:00,2018-09-23 22:10:00,0.619641,0.369727
823,6,Sun,16,30,2018-09-02 16:30:00,2018-09-09 16:30:00,2018-09-16 16:30:00,2018-09-23 16:30:00,0.561123,0.592535
824,6,Sun,12,55,2018-09-02 12:55:00,2018-09-09 12:55:00,2018-09-16 12:55:00,2018-09-23 12:55:00,0.524130,0.598868
825,6,Sun,7,40,2018-09-02 07:40:00,2018-09-09 07:40:00,2018-09-16 07:40:00,2018-09-23 07:40:00,0.718260,0.296420
826,6,Sun,14,25,2018-09-02 14:25:00,2018-09-09 14:25:00,2018-09-16 14:25:00,2018-09-23 14:25:00,0.743583,0.625409
827,6,Sun,2,25,2018-09-02 02:25:00,2018-09-09 02:25:00,2018-09-16 02:25:00,2018-09-23 02:25:00,0.780918,0.223067
828,6,Sun,17,50,2018-09-02 17:50:00,2018-09-09 17:50:00,2018-09-16 17:50:00,2018-09-23 17:50:00,0.555832,0.636011
829,6,Sun,4,25,2018-09-02 04:25:00,2018-09-09 04:25:00,2018-09-16 04:25:00,2018-09-23 04:25:00,0.802907,0.154179
830,6,Sun,15,10,2018-09-02 15:10:00,2018-09-09 15:10:00,2018-09-16 15:10:00,2018-09-23 15:10:00,0.498417,0.661364
831,6,Sun,20,50,2018-09-02 20:50:00,2018-09-09 20:50:00,2018-09-16 20:50:00,2018-09-23 20:50:00,0.639048,0.544702
832,6,Sun,15,20,2018-09-02 15:20:00,2018-09-09 15:20:00,2018-09-16 15:20:00,2018-09-23 15:20:00,0.503035,0.709054
833,6,Sun,6,05,2018-09-02 06:05:00,2018-09-09 06:05:00,2018-09-16 06:05:00,2018-09-23 06:05:00,0.733277,0.156620
834,6,Sun,16,10,2018-09-02 16:10:00,2018-09-09 16:10:00,2018-09-16 16:10:00,2018-09-23 16:10:00,0.638764,0.621033
835,6,Sun,4,35,2018-09-02 04:35:00,2018-09-09 04:35:00,2018-09-16 04:35:00,2018-09-23 04:35:00,0.700560,0.150539
836,6,Sun,17,15,2018-09-02 17:15:00,2018-09-09 17:15:00,2018-09-16 17:15:00,2018-09-23 17:15:00,0.671972,0.690352
837,6,Sun,9,40,2018-09-02 09:40:00,2018-09-09 09:40:00,2018-09-16 09:40:00,2018-09-23 09:40:00,0.596520,0.376591
838,6,Sun,2,35,2018-09-02 02:35:00,2018-09-09 02:35:00,2018-09-16 02:35:00,2018-09-23 02:35:00,0.863724,0.157729
839,6,Sun,10,10,2018-09-02 10:10:00,2018-09-09 10:10:00,2018-09-16 10:10:00,2018-09-23 10:10:00,0.608393,0.419915
